PERMNO,date,TICKER,RET,RETX
11850,31-01-2014,XOM,-0.089328,-0.089328
11850,28-02-2014,XOM,0.051432,0.044596
11850,31-03-2014,XOM,0.014646,0.014646
11850,30-04-2014,XOM,0.048423,0.048423
11850,30-05-2014,XOM,-0.01162,-0.018358
11850,30-06-2014,XOM,0.001492,0.001492
11850,31-07-2014,XOM,-0.017282,-0.017282
11850,29-08-2014,XOM,0.01223,0.005256
11850,30-09-2014,XOM,-0.054394,-0.054394
11850,31-10-2014,XOM,0.028283,0.028283
11850,28-11-2014,XOM,-0.056664,-0.063799
11850,31-12-2014,XOM,0.021096,0.021096
11850,30-01-2015,XOM,-0.054408,-0.054408
11850,27-02-2015,XOM,0.020705,0.012812
11850,31-03-2015,XOM,-0.039982,-0.039982
11850,30-04-2015,XOM,0.027882,0.027882
11850,29-05-2015,XOM,-0.016482,-0.024837
11850,30-06-2015,XOM,-0.023474,-0.023474
11850,31-07-2015,XOM,-0.047957,-0.047957
11850,31-08-2015,XOM,-0.040904,-0.05012
11850,30-09-2015,XOM,-0.011829,-0.011829
11850,30-10-2015,XOM,0.112845,0.112845
11850,30-11-2015,XOM,-0.00423,-0.013053
11850,31-12-2015,XOM,-0.045432,-0.045432
11850,29-01-2016,XOM,-0.001283,-0.001283
11850,29-02-2016,XOM,0.038921,0.029544
11850,31-03-2016,XOM,0.042919,0.042919
11850,29-04-2016,XOM,0.057543,0.057543
11850,31-05-2016,XOM,0.015498,0.007014
11850,30-06-2016,XOM,0.053022,0.053022
11850,29-07-2016,XOM,-0.051099,-0.051099
11850,31-08-2016,XOM,-0.011917,-0.020348
11850,30-09-2016,XOM,0.001607,0.001607
11850,31-10-2016,XOM,-0.045371,-0.045371
11850,30-11-2016,XOM,0.056769,0.047768
11850,30-12-2016,XOM,0.033906,0.033906
11850,31-01-2017,XOM,-0.070574,-0.070574
11850,28-02-2017,XOM,-0.021695,-0.030635
11850,31-03-2017,XOM,0.008485,0.008485
11850,28-04-2017,XOM,-0.00439,-0.00439
11850,31-05-2017,XOM,-0.004654,-0.014085
11850,30-06-2017,XOM,0.002857,0.002857
11850,31-07-2017,XOM,-0.008547,-0.008547
11850,31-08-2017,XOM,-0.036732,-0.046352
11850,29-09-2017,XOM,0.074021,0.074021
11850,31-10-2017,XOM,0.016711,0.016711
11850,30-11-2017,XOM,0.008518,-0.00072
11850,29-12-2017,XOM,0.004202,0.004202
11850,31-01-2018,XOM,0.043759,0.043759
11850,28-02-2018,XOM,-0.123597,-0.132417
11850,29-03-2018,XOM,-0.014919,-0.014919
11850,30-04-2018,XOM,0.042086,0.042086
11850,31-05-2018,XOM,0.055434,0.044887
11850,29-06-2018,XOM,0.018341,0.018341
11850,31-07-2018,XOM,-0.014747,-0.014747
11850,31-08-2018,XOM,-0.00638,-0.01644
11850,28-09-2018,XOM,0.060496,0.060496
11850,31-10-2018,XOM,-0.062809,-0.062809
11850,30-11-2018,XOM,0.008032,-0.002259
11850,31-12-2018,XOM,-0.142264,-0.142264
11850,31-01-2019,XOM,0.074644,0.074644
11850,28-02-2019,XOM,0.089656,0.078466
11850,29-03-2019,XOM,0.022397,0.022397
11850,30-04-2019,XOM,-0.006436,-0.006436
11850,31-05-2019,XOM,-0.107623,-0.11846
11850,28-06-2019,XOM,0.082803,0.082803
11850,31-07-2019,XOM,-0.029623,-0.029623
11850,30-08-2019,XOM,-0.067375,-0.079075
11850,30-09-2019,XOM,0.031104,0.031104
11850,31-10-2019,XOM,-0.043053,-0.043053
11850,29-11-2019,XOM,0.021163,0.008288
11850,31-12-2019,XOM,0.024218,0.024218
11850,31-01-2020,XOM,-0.109774,-0.109774
11850,28-02-2020,XOM,-0.15792,-0.171925
11850,31-03-2020,XOM,-0.261858,-0.261858
11850,30-04-2020,XOM,0.223861,0.223861
11850,29-05-2020,XOM,-0.002798,-0.021519
11850,30-06-2020,XOM,-0.016494,-0.016494
11850,31-07-2020,XOM,-0.059034,-0.059034
11850,31-08-2020,XOM,-0.030181,-0.050856
11850,30-09-2020,XOM,-0.140461,-0.140461
11850,30-10-2020,XOM,-0.049811,-0.049811
11850,30-11-2020,XOM,0.195586,0.168915
11850,31-12-2020,XOM,0.081039,0.081039
11850,29-01-2021,XOM,0.087821,0.087821
11850,26-02-2021,XOM,0.231936,0.212533
11850,31-03-2021,XOM,0.026853,0.026853
11850,30-04-2021,XOM,0.025255,0.025255
11850,28-05-2021,XOM,0.034941,0.019741
11850,30-06-2021,XOM,0.080692,0.080692
11850,30-07-2021,XOM,-0.087349,-0.087349
11850,31-08-2021,XOM,-0.037867,-0.052979
11850,30-09-2021,XOM,0.07887,0.07887
11850,29-10-2021,XOM,0.096056,0.096056
11850,30-11-2021,XOM,-0.058167,-0.071816
11850,31-12-2021,XOM,0.02256,0.02256
11850,31-01-2022,XOM,0.241379,0.241379
11850,28-02-2022,XOM,0.04397,0.032385
11850,31-03-2022,XOM,0.053175,0.053175
11850,29-04-2022,XOM,0.032207,0.032207
11850,31-05-2022,XOM,0.136422,0.1261
11850,30-06-2022,XOM,-0.107917,-0.107917
11850,29-07-2022,XOM,0.131831,0.131831
11850,31-08-2022,XOM,-0.004746,-0.013824
11850,30-09-2022,XOM,-0.08662,-0.08662
11850,31-10-2022,XOM,0.269156,0.269156
11850,30-11-2022,XOM,0.012995,0.004783
11850,30-12-2022,XOM,-0.009341,-0.009341
11850,31-01-2023,XOM,0.051768,0.051768
11850,28-02-2023,XOM,-0.044738,-0.052582
11850,31-03-2023,XOM,-0.002275,-0.002275
11850,28-04-2023,XOM,0.079154,0.079154
11850,31-05-2023,XOM,-0.128866,-0.136556
11850,30-06-2023,XOM,0.049618,0.049618
11850,31-07-2023,XOM,-0.000093,-0.000093
11850,31-08-2023,XOM,0.045319,0.036833
11850,29-09-2023,XOM,0.057469,0.057469
11850,31-10-2023,XOM,-0.099762,-0.099762
11850,30-11-2023,XOM,-0.020406,-0.029381
11850,29-12-2023,XOM,-0.026864,-0.026864
12060,31-01-2014,GE,-0.103461,-0.103461
12060,28-02-2014,GE,0.022284,0.01353
12060,31-03-2014,GE,0.01649,0.01649
12060,30-04-2014,GE,0.038625,0.038625
12060,30-05-2014,GE,-0.003719,-0.003719
12060,30-06-2014,GE,-0.010825,-0.019037
12060,31-07-2014,GE,-0.042999,-0.042999
12060,29-08-2014,GE,0.033002,0.033002
12060,30-09-2014,GE,-0.005389,-0.013857
12060,31-10-2014,GE,0.007416,0.007416
12060,28-11-2014,GE,0.026346,0.026346
12060,31-12-2014,GE,-0.037373,-0.046055
12060,30-01-2015,GE,-0.05461,-0.05461
12060,27-02-2015,GE,0.09753,0.087903
12060,31-03-2015,GE,-0.045402,-0.045402
12060,30-04-2015,GE,0.091495,0.091495
12060,29-05-2015,GE,0.007016,0.007016
12060,30-06-2015,GE,-0.017235,-0.025669
12060,31-07-2015,GE,-0.017689,-0.017689
12060,31-08-2015,GE,-0.049042,-0.049042
12060,30-09-2015,GE,0.025383,0.016116
12060,30-10-2015,GE,0.146709,0.146709
12060,30-11-2015,GE,0.03527,0.03527
12060,31-12-2015,GE,0.048096,0.040414
12060,29-01-2016,GE,-0.065811,-0.065811
12060,29-02-2016,GE,0.009278,0.001375
12060,31-03-2016,GE,0.09094,0.09094
12060,29-04-2016,GE,-0.032715,-0.032715
12060,31-05-2016,GE,-0.016911,-0.016911
12060,30-06-2016,GE,0.048958,0.04135
12060,29-07-2016,GE,-0.010801,-0.010801
12060,31-08-2016,GE,0.003211,0.003211
12060,30-09-2016,GE,-0.044494,-0.051857
12060,31-10-2016,GE,-0.017556,-0.017556
12060,30-11-2016,GE,0.057045,0.057045
12060,30-12-2016,GE,0.035111,0.027308
12060,31-01-2017,GE,-0.060127,-0.060127
12060,28-02-2017,GE,0.011784,0.003704
12060,31-03-2017,GE,-0.000335,-0.000335
12060,28-04-2017,GE,-0.027181,-0.027181
12060,31-05-2017,GE,-0.055536,-0.055536
12060,30-06-2017,GE,-0.004748,-0.013513
12060,31-07-2017,GE,-0.051833,-0.051833
12060,31-08-2017,GE,-0.04139,-0.04139
12060,29-09-2017,GE,-0.005295,-0.015071
12060,31-10-2017,GE,-0.166253,-0.166253
12060,30-11-2017,GE,-0.092758,-0.092758
12060,29-12-2017,GE,-0.039366,-0.045927
12060,31-01-2018,GE,-0.073352,-0.073352
12060,28-02-2018,GE,-0.119975,-0.127396
12060,29-03-2018,GE,-0.044649,-0.044649
12060,30-04-2018,GE,0.043769,0.043769
12060,31-05-2018,GE,0.000711,0.000711
12060,29-06-2018,GE,-0.024858,-0.033381
12060,31-07-2018,GE,0.00147,0.00147
12060,31-08-2018,GE,-0.050624,-0.050624
12060,28-09-2018,GE,-0.118238,-0.127512
12060,31-10-2018,GE,-0.105403,-0.105403
12060,30-11-2018,GE,-0.257426,-0.257426
12060,31-12-2018,GE,0.010667,0.009333
12060,31-01-2019,GE,0.34214,0.34214
12060,28-02-2019,GE,0.061736,0.061736
12060,29-03-2019,GE,-0.037536,-0.038499
12060,30-04-2019,GE,0.018018,0.018018
12060,31-05-2019,GE,-0.07178,-0.07178
12060,28-06-2019,GE,0.113348,0.112288
12060,31-07-2019,GE,-0.004762,-0.004762
12060,30-08-2019,GE,-0.210526,-0.210526
12060,30-09-2019,GE,0.084848,0.083636
12060,31-10-2019,GE,0.116331,0.116331
12060,29-11-2019,GE,0.129259,0.129259
12060,31-12-2019,GE,-0.008873,-0.00976
12060,31-01-2020,GE,0.115591,0.115591
12060,28-02-2020,GE,-0.126104,-0.126104
12060,31-03-2020,GE,-0.269301,-0.270221
12060,30-04-2020,GE,-0.143577,-0.143577
12060,29-05-2020,GE,-0.033824,-0.033824
12060,30-06-2020,GE,0.041096,0.039574
12060,31-07-2020,GE,-0.111274,-0.111274
12060,31-08-2020,GE,0.044481,0.044481
12060,30-09-2020,GE,-0.015773,-0.01735
12060,30-10-2020,GE,0.191011,0.191011
12060,30-11-2020,GE,0.371968,0.371968
12060,31-12-2020,GE,0.061886,0.060904
12060,29-01-2021,GE,-0.011111,-0.011111
12060,26-02-2021,GE,0.174157,0.174157
12060,31-03-2021,GE,0.047847,0.047049
12060,30-04-2021,GE,-0.000762,-0.000762
12060,28-05-2021,GE,0.071646,0.071646
12060,30-06-2021,GE,-0.041963,-0.042674
12060,30-07-2021,GE,-0.03789,-0.03789
12060,31-08-2021,GE,0.017471,0.017471
12060,30-09-2021,GE,-0.02182,-0.022579
12060,29-10-2021,GE,0.017859,0.017859
12060,30-11-2021,GE,-0.094212,-0.094212
12060,31-12-2021,GE,-0.004632,-0.005474
12060,31-01-2022,GE,0.000106,0.000106
12060,28-02-2022,GE,0.010902,0.010902
12060,31-03-2022,GE,-0.041148,-0.041985
12060,29-04-2022,GE,-0.185246,-0.185246
12060,31-05-2022,GE,0.050168,0.050168
12060,30-06-2022,GE,-0.18572,-0.186742
12060,29-07-2022,GE,0.160829,0.160829
12060,31-08-2022,GE,-0.006359,-0.006359
12060,30-09-2022,GE,-0.15591,-0.156999
12060,31-10-2022,GE,0.256824,0.256824
12060,30-11-2022,GE,0.104871,0.104871
12060,30-12-2022,GE,-0.024427,-0.025358
12060,31-01-2023,GE,0.236377,0.236377
12060,28-02-2023,GE,0.05256,0.05256
12060,31-03-2023,GE,0.129501,0.128556
12060,28-04-2023,GE,0.035251,0.035251
12060,31-05-2023,GE,0.025866,0.025866
12060,30-06-2023,GE,0.081946,0.081946
12060,31-07-2023,GE,0.040692,0.039964
12060,31-08-2023,GE,0.001926,0.001926
12060,29-09-2023,GE,-0.033461,-0.03416
12060,31-10-2023,GE,-0.017368,-0.017368
12060,30-11-2023,GE,0.121237,0.121237
12060,29-12-2023,GE,0.048522,0.047865
14541,31-01-2014,CVX,-0.106317,-0.106317
14541,28-02-2014,CVX,0.042103,0.033145
14541,31-03-2014,CVX,0.031041,0.031041
14541,30-04-2014,CVX,0.055588,0.055588
14541,30-05-2014,CVX,-0.013225,-0.021749
14541,30-06-2014,CVX,0.063197,0.063197
14541,31-07-2014,CVX,-0.010034,-0.010034
14541,29-08-2014,CVX,0.009904,0.001625
14541,30-09-2014,CVX,-0.078254,-0.078254
14541,31-10-2014,CVX,0.00528,0.00528
14541,28-11-2014,CVX,-0.083451,-0.092372
14541,31-12-2014,CVX,0.030403,0.030403
14541,30-01-2015,CVX,-0.086022,-0.086022
14541,27-02-2015,CVX,0.050912,0.040476
14541,31-03-2015,CVX,-0.015935,-0.015935
14541,30-04-2015,CVX,0.057916,0.057916
14541,29-05-2015,CVX,-0.062939,-0.072573
14541,30-06-2015,CVX,-0.063398,-0.063398
14541,31-07-2015,CVX,-0.082824,-0.082824
14541,31-08-2015,CVX,-0.072559,-0.084652
14541,30-09-2015,CVX,-0.026053,-0.026053
14541,30-10-2015,CVX,0.15213,0.15213
14541,30-11-2015,CVX,0.016615,0.004842
14541,31-12-2015,CVX,-0.014893,-0.014893
14541,29-01-2016,CVX,-0.038795,-0.038795
14541,29-02-2016,CVX,-0.022667,-0.035041
14541,31-03-2016,CVX,0.143337,0.143337
14541,29-04-2016,CVX,0.071069,0.071069
14541,31-05-2016,CVX,-0.001077,-0.011548
14541,30-06-2016,CVX,0.037921,0.037921
14541,29-07-2016,CVX,-0.022417,-0.022417
14541,31-08-2016,CVX,-0.008099,-0.01854
14541,30-09-2016,CVX,0.023265,0.023265
14541,31-10-2016,CVX,0.017781,0.017781
14541,30-11-2016,CVX,0.075322,0.065012
14541,30-12-2016,CVX,0.055038,0.055038
14541,31-01-2017,CVX,-0.053951,-0.053951
14541,28-02-2017,CVX,0.020027,0.010328
14541,31-03-2017,CVX,-0.0456,-0.0456
14541,28-04-2017,CVX,-0.00624,-0.00624
14541,31-05-2017,CVX,-0.020056,-0.030178
14541,30-06-2017,CVX,0.008214,0.008214
14541,31-07-2017,CVX,0.046583,0.046583
14541,31-08-2017,CVX,-0.004488,-0.014379
14541,29-09-2017,CVX,0.091804,0.091804
14541,31-10-2017,CVX,-0.013702,-0.013702
14541,30-11-2017,CVX,0.036069,0.026749
14541,29-12-2017,CVX,0.052105,0.052105
14541,31-01-2018,CVX,0.001278,0.001278
14541,28-02-2018,CVX,-0.098205,-0.10714
14541,29-03-2018,CVX,0.018942,0.018942
14541,30-04-2018,CVX,0.097071,0.097071
14541,31-05-2018,CVX,0.002478,-0.006474
14541,29-06-2018,CVX,0.017136,0.017136
14541,31-07-2018,CVX,-0.001266,-0.001266
14541,31-08-2018,CVX,-0.052982,-0.061852
14541,28-09-2018,CVX,0.032247,0.032247
14541,31-10-2018,CVX,-0.086932,-0.086932
14541,30-11-2018,CVX,0.075325,0.065293
14541,31-12-2018,CVX,-0.085337,-0.085337
14541,31-01-2019,CVX,0.053865,0.053865
14541,28-02-2019,CVX,0.05338,0.043
14541,29-03-2019,CVX,0.030105,0.030105
14541,30-04-2019,CVX,-0.025329,-0.025329
14541,31-05-2019,CVX,-0.041812,-0.051724
14541,28-06-2019,CVX,0.093017,0.093017
14541,31-07-2019,CVX,-0.010688,-0.010688
14541,30-08-2019,CVX,-0.034116,-0.043782
14541,30-09-2019,CVX,0.007475,0.007475
14541,31-10-2019,CVX,-0.020742,-0.020742
14541,29-11-2019,CVX,0.01877,0.008524
14541,31-12-2019,CVX,0.028857,0.028857
14541,31-01-2020,CVX,-0.110945,-0.110945
14541,28-02-2020,CVX,-0.116763,-0.128803
14541,31-03-2020,CVX,-0.223698,-0.223698
14541,30-04-2020,CVX,0.269666,0.269666
14541,29-05-2020,CVX,0.010761,-0.003261
14541,30-06-2020,CVX,-0.026936,-0.026936
14541,31-07-2020,CVX,-0.059285,-0.059285
14541,31-08-2020,CVX,0.015249,-0.000119
14541,30-09-2020,CVX,-0.142142,-0.142142
14541,30-10-2020,CVX,-0.034722,-0.034722
14541,30-11-2020,CVX,0.27295,0.254388
14541,31-12-2020,CVX,-0.031315,-0.031315
14541,29-01-2021,CVX,0.008881,0.008881
14541,26-02-2021,CVX,0.18885,0.173709
14541,31-03-2021,CVX,0.0479,0.0479
14541,30-04-2021,CVX,-0.016414,-0.016414
14541,28-05-2021,CVX,0.019986,0.006986
14541,30-06-2021,CVX,0.009153,0.009153
14541,30-07-2021,CVX,-0.027974,-0.027974
14541,31-08-2021,CVX,-0.036342,-0.049504
14541,30-09-2021,CVX,0.048362,0.048362
14541,29-10-2021,CVX,0.128536,0.128536
14541,30-11-2021,CVX,-0.002446,-0.01415
14541,31-12-2021,CVX,0.039692,0.039692
14541,31-01-2022,CVX,0.119131,0.119131
14541,28-02-2022,CVX,0.107287,0.096475
14541,31-03-2022,CVX,0.130764,0.130764
14541,29-04-2022,CVX,-0.037831,-0.037831
14541,31-05-2022,CVX,0.123891,0.114827
14541,30-06-2022,CVX,-0.171075,-0.171075
14541,29-07-2022,CVX,0.131234,0.131234
14541,31-08-2022,CVX,-0.026255,-0.034925
14541,30-09-2022,CVX,-0.091041,-0.091041
14541,31-10-2022,CVX,0.259135,0.259135
14541,30-11-2022,CVX,0.021172,0.013322
14541,30-12-2022,CVX,-0.020839,-0.020839
14541,31-01-2023,CVX,-0.030475,-0.030475
14541,28-02-2023,CVX,-0.067464,-0.076141
14541,31-03-2023,CVX,0.014866,0.014866
14541,28-04-2023,CVX,0.033219,0.033219
14541,31-05-2023,CVX,-0.09758,-0.106537
14541,30-06-2023,CVX,0.044682,0.044682
14541,31-07-2023,CVX,0.040102,0.040102
14541,31-08-2023,CVX,-0.006416,-0.015642
14541,29-09-2023,CVX,0.046679,0.046679
14541,31-10-2023,CVX,-0.135749,-0.135749
14541,30-11-2023,CVX,-0.004254,-0.014616
14541,29-12-2023,CVX,0.038719,0.038719
14593,31-01-2014,AAPL,-0.107697,-0.107697
14593,28-02-2014,AAPL,0.057311,0.051219
14593,31-03-2014,AAPL,0.019953,0.019953
14593,30-04-2014,AAPL,0.099396,0.099396
14593,30-05-2014,AAPL,0.078293,0.072718
14593,30-06-2014,AAPL,0.027662,0.027662
14593,31-07-2014,AAPL,0.028731,0.028731
14593,29-08-2014,AAPL,0.077092,0.072176
14593,30-09-2014,AAPL,-0.017073,-0.017073
14593,31-10-2014,AAPL,0.07196,0.07196
14593,28-11-2014,AAPL,0.105556,0.101204
14593,31-12-2014,AAPL,-0.071891,-0.071891
14593,30-01-2015,AAPL,0.061424,0.061424
14593,27-02-2015,AAPL,0.100461,0.096449
14593,31-03-2015,AAPL,-0.031372,-0.031372
14593,30-04-2015,AAPL,0.005786,0.005786
14593,29-05-2015,AAPL,0.045146,0.040991
14593,30-06-2015,AAPL,-0.037266,-0.037266
14593,31-07-2015,AAPL,-0.032888,-0.032888
14593,31-08-2015,AAPL,-0.066117,-0.070404
14593,30-09-2015,AAPL,-0.021816,-0.021816
14593,30-10-2015,AAPL,0.083409,0.083409
14593,30-11-2015,AAPL,-0.00569,-0.010042
14593,31-12-2015,AAPL,-0.110228,-0.110228
14593,29-01-2016,AAPL,-0.075242,-0.075242
14593,29-02-2016,AAPL,-0.001335,-0.006678
14593,31-03-2016,AAPL,0.127211,0.127211
14593,29-04-2016,AAPL,-0.139921,-0.139921
14593,31-05-2016,AAPL,0.071368,0.065287
14593,30-06-2016,AAPL,-0.04266,-0.04266
14593,29-07-2016,AAPL,0.090063,0.090063
14593,31-08-2016,AAPL,0.023606,0.018136
14593,30-09-2016,AAPL,0.065504,0.065504
14593,31-10-2016,AAPL,0.004334,0.004334
14593,30-11-2016,AAPL,-0.021578,-0.026599
14593,30-12-2016,AAPL,0.047955,0.047955
14593,31-01-2017,AAPL,0.047746,0.047746
14593,28-02-2017,AAPL,0.133581,0.128883
14593,31-03-2017,AAPL,0.04869,0.04869
14593,28-04-2017,AAPL,-0.00007,-0.00007
14593,31-05-2017,AAPL,0.067804,0.063418
14593,30-06-2017,AAPL,-0.057214,-0.057214
14593,31-07-2017,AAPL,0.032704,0.032704
14593,31-08-2017,AAPL,0.106905,0.102669
14593,29-09-2017,AAPL,-0.060244,-0.060244
14593,31-10-2017,AAPL,0.096808,0.096808
14593,30-11-2017,AAPL,0.02035,0.016623
14593,29-12-2017,AAPL,-0.015246,-0.015246
14593,31-01-2018,AAPL,-0.010636,-0.010636
14593,28-02-2018,AAPL,0.06761,0.063848
14593,29-03-2018,AAPL,-0.058051,-0.058051
14593,30-04-2018,AAPL,-0.01502,-0.01502
14593,31-05-2018,AAPL,0.135181,0.130764
14593,29-06-2018,AAPL,-0.009418,-0.009418
14593,31-07-2018,AAPL,0.027983,0.027983
14593,31-08-2018,AAPL,0.200063,0.196227
14593,28-09-2018,AAPL,-0.008303,-0.008303
14593,31-10-2018,AAPL,-0.030478,-0.030478
14593,30-11-2018,AAPL,-0.180709,-0.184045
14593,31-12-2018,AAPL,-0.116698,-0.116698
14593,31-01-2019,AAPL,0.055154,0.055154
14593,28-02-2019,AAPL,0.044701,0.040315
14593,29-03-2019,AAPL,0.097026,0.097026
14593,30-04-2019,AAPL,0.056436,0.056436
14593,31-05-2019,AAPL,-0.123735,-0.127573
14593,28-06-2019,AAPL,0.130519,0.130519
14593,31-07-2019,AAPL,0.076394,0.076394
14593,30-08-2019,AAPL,-0.01657,-0.020184
14593,30-09-2019,AAPL,0.072962,0.072962
14593,31-10-2019,AAPL,0.110684,0.110684
14593,29-11-2019,AAPL,0.077424,0.074329
14593,31-12-2019,AAPL,0.098784,0.098784
14593,31-01-2020,AAPL,0.05401,0.05401
14593,28-02-2020,AAPL,-0.11431,-0.116798
14593,31-03-2020,AAPL,-0.069761,-0.069761
14593,30-04-2020,AAPL,0.155374,0.155374
14593,29-05-2020,AAPL,0.084956,0.082165
14593,30-06-2020,AAPL,0.147386,0.147386
14593,31-07-2020,AAPL,0.165132,0.165132
14593,31-08-2020,AAPL,0.216309,0.21438
14593,30-09-2020,AAPL,-0.102526,-0.102526
14593,30-10-2020,AAPL,-0.060012,-0.060012
14593,30-11-2020,AAPL,0.09549,0.093606
14593,31-12-2020,AAPL,0.114574,0.114574
14593,29-01-2021,AAPL,-0.005502,-0.005502
14593,26-02-2021,AAPL,-0.079532,-0.081085
14593,31-03-2021,AAPL,0.00734,0.00734
14593,30-04-2021,AAPL,0.076218,0.076218
14593,28-05-2021,AAPL,-0.050434,-0.052107
14593,30-06-2021,AAPL,0.099109,0.099109
14593,30-07-2021,AAPL,0.064982,0.064982
14593,31-08-2021,AAPL,0.042438,0.04093
14593,30-09-2021,AAPL,-0.068037,-0.068037
14593,29-10-2021,AAPL,0.058657,0.058657
14593,30-11-2021,AAPL,0.10494,0.103471
14593,31-12-2021,AAPL,0.074229,0.074229
14593,31-01-2022,AAPL,-0.015712,-0.015712
14593,28-02-2022,AAPL,-0.054011,-0.05527
14593,31-03-2022,AAPL,0.057473,0.057473
14593,29-04-2022,AAPL,-0.097131,-0.097131
14593,31-05-2022,AAPL,-0.054424,-0.055883
14593,30-06-2022,AAPL,-0.08143,-0.08143
14593,29-07-2022,AAPL,0.188634,0.188634
14593,31-08-2022,AAPL,-0.031137,-0.032552
14593,30-09-2022,AAPL,-0.120977,-0.120977
14593,31-10-2022,AAPL,0.109551,0.109551
14593,30-11-2022,AAPL,-0.033129,-0.034629
14593,30-12-2022,AAPL,-0.122273,-0.122273
14593,31-01-2023,AAPL,0.110521,0.110521
14593,28-02-2023,AAPL,0.023217,0.021623
14593,31-03-2023,AAPL,0.118649,0.118649
14593,28-04-2023,AAPL,0.028987,0.028987
14593,31-05-2023,AAPL,0.046028,0.044613
14593,30-06-2023,AAPL,0.09433,0.09433
14593,31-07-2023,AAPL,0.012785,0.012785
14593,31-08-2023,AAPL,-0.042454,-0.043675
14593,29-09-2023,AAPL,-0.088678,-0.088678
14593,31-10-2023,AAPL,-0.00257,-0.00257
14593,30-11-2023,AAPL,0.11372,0.112315
14593,29-12-2023,AAPL,0.013583,0.013583
18163,31-01-2014,PG,-0.051449,-0.058838
18163,28-02-2014,PG,0.026625,0.026625
18163,31-03-2014,PG,0.024663,0.024663
18163,30-04-2014,PG,0.032179,0.024194
18163,30-05-2014,PG,-0.02132,-0.02132
18163,30-06-2014,PG,-0.027231,-0.027231
18163,31-07-2014,PG,-0.00797,-0.01616
18163,29-08-2014,PG,0.074884,0.074884
18163,30-09-2014,PG,0.00758,0.00758
18163,31-10-2014,PG,0.04984,0.042154
18163,28-11-2014,PG,0.03621,0.03621
18163,31-12-2014,PG,0.007298,0.007298
18163,30-01-2015,PG,-0.067586,-0.074651
18163,27-02-2015,PG,0.009966,0.009966
18163,31-03-2015,PG,-0.037472,-0.037472
18163,30-04-2015,PG,-0.021566,-0.029656
18163,29-05-2015,PG,-0.014086,-0.014086
18163,30-06-2015,PG,-0.001914,-0.001914
18163,31-07-2015,PG,-0.01121,-0.019683
18163,31-08-2015,PG,-0.078618,-0.078618
18163,30-09-2015,PG,0.017971,0.017971
18163,30-10-2015,PG,0.070933,0.061718
18163,30-11-2015,PG,-0.020162,-0.020162
18163,31-12-2015,PG,0.061064,0.061064
18163,29-01-2016,PG,0.03706,0.028712
18163,29-02-2016,PG,-0.017138,-0.017138
18163,31-03-2016,PG,0.025159,0.025159
18163,29-04-2016,PG,-0.018473,-0.026607
18163,31-05-2016,PG,0.011483,0.011483
18163,30-06-2016,PG,0.044793,0.044793
18163,29-07-2016,PG,0.018773,0.010866
18163,31-08-2016,PG,0.020096,0.020096
18163,30-09-2016,PG,0.027946,0.027946
18163,31-10-2016,PG,-0.025409,-0.032869
18163,30-11-2016,PG,-0.05,-0.05
18163,30-12-2016,PG,0.019646,0.019646
18163,31-01-2017,PG,0.049828,0.041865
18163,28-02-2017,PG,0.039612,0.039612
18163,31-03-2017,PG,-0.013396,-0.013396
18163,28-04-2017,PG,-0.020372,-0.028047
18163,31-05-2017,PG,0.008703,0.008703
18163,30-06-2017,PG,-0.010671,-0.010671
18163,31-07-2017,PG,0.050024,0.042111
18163,31-08-2017,PG,0.015966,0.015966
18163,29-09-2017,PG,-0.013981,-0.013981
18163,31-10-2017,PG,-0.043421,-0.051
18163,30-11-2017,PG,0.042275,0.042275
18163,29-12-2017,PG,0.021002,0.021002
18163,31-01-2018,PG,-0.052791,-0.060296
18163,28-02-2018,PG,-0.090572,-0.090572
18163,29-03-2018,PG,0.009679,0.009679
18163,30-04-2018,PG,-0.078491,-0.087538
18163,31-05-2018,PG,0.011474,0.011474
18163,29-06-2018,PG,0.066831,0.066831
18163,31-07-2018,PG,0.045314,0.036126
18163,31-08-2018,PG,0.025593,0.025593
18163,28-09-2018,PG,0.003376,0.003376
18163,31-10-2018,PG,0.074098,0.065481
18163,30-11-2018,PG,0.065742,0.065742
18163,31-12-2018,PG,-0.027405,-0.027405
18163,31-01-2019,PG,0.057302,0.0495
18163,28-02-2019,PG,0.021561,0.021561
18163,29-03-2019,PG,0.055809,0.055809
18163,30-04-2019,PG,0.030523,0.023354
18163,31-05-2019,PG,-0.033527,-0.033527
18163,28-06-2019,PG,0.065494,0.065494
18163,31-07-2019,PG,0.083319,0.076516
18163,30-08-2019,PG,0.018553,0.018553
18163,30-09-2019,PG,0.034517,0.034517
18163,31-10-2019,PG,0.007042,0.001045
18163,29-11-2019,PG,-0.019677,-0.019677
18163,31-12-2019,PG,0.023267,0.023267
18163,31-01-2020,PG,0.00373,-0.002242
18163,28-02-2020,PG,-0.091398,-0.091398
18163,31-03-2020,PG,-0.028526,-0.028526
18163,30-04-2020,PG,0.078734,0.071545
18163,29-05-2020,PG,-0.016544,-0.016544
18163,30-06-2020,PG,0.031487,0.031487
18163,31-07-2020,PG,0.103209,0.096596
18163,31-08-2020,PG,0.054988,0.054988
18163,30-09-2020,PG,0.004771,0.004771
18163,30-10-2020,PG,-0.007909,-0.013598
18163,30-11-2020,PG,0.01291,0.01291
18163,31-12-2020,PG,0.001944,0.001944
18163,29-01-2021,PG,-0.072871,-0.078554
18163,26-02-2021,PG,-0.036503,-0.036503
18163,31-03-2021,PG,0.096333,0.096333
18163,30-04-2021,PG,-0.008419,-0.014842
18163,28-05-2021,PG,0.010718,0.010718
18163,30-06-2021,PG,0.000593,0.000593
18163,30-07-2021,PG,0.060548,0.054102
18163,31-08-2021,PG,0.001125,0.001125
18163,30-09-2021,PG,-0.018189,-0.018189
18163,29-10-2021,PG,0.02904,0.022818
18163,30-11-2021,PG,0.01112,0.01112
18163,31-12-2021,PG,0.131415,0.131415
18163,31-01-2022,PG,-0.013817,-0.019134
18163,28-02-2022,PG,-0.02842,-0.02842
18163,31-03-2022,PG,-0.019822,-0.019822
18163,29-04-2022,PG,0.056697,0.05072
18163,31-05-2022,PG,-0.078916,-0.078916
18163,30-06-2022,PG,-0.027658,-0.027658
18163,29-07-2022,PG,-0.027587,-0.033938
18163,31-08-2022,PG,-0.006983,-0.006983
18163,30-09-2022,PG,-0.084747,-0.084747
18163,31-10-2022,PG,0.073927,0.066693
18163,30-11-2022,PG,0.107596,0.107596
18163,30-12-2022,PG,0.01609,0.01609
18163,31-01-2023,PG,-0.054544,-0.06057
18163,28-02-2023,PG,-0.033853,-0.033853
18163,31-03-2023,PG,0.08091,0.08091
18163,28-04-2023,PG,0.058045,0.051718
18163,31-05-2023,PG,-0.088758,-0.088758
18163,30-06-2023,PG,0.064842,0.064842
18163,31-07-2023,PG,0.036251,0.030051
18163,31-08-2023,PG,-0.01254,-0.01254
18163,29-09-2023,PG,-0.054944,-0.054944
18163,31-10-2023,PG,0.035038,0.028589
18163,30-11-2023,PG,0.023262,0.023262
18163,29-12-2023,PG,-0.045466,-0.045466
18411,31-01-2014,SO,0.015507,0.003162
18411,28-02-2014,SO,0.026916,0.026916
18411,31-03-2014,SO,0.037544,0.037544
18411,30-04-2014,SO,0.043013,0.043013
18411,30-05-2014,SO,-0.033275,-0.044731
18411,30-06-2014,SO,0.036546,0.036546
18411,31-07-2014,SO,-0.034487,-0.046056
18411,29-08-2014,SO,0.025641,0.025641
18411,30-09-2014,SO,-0.016892,-0.016892
18411,31-10-2014,SO,0.074112,0.062085
18411,28-11-2014,SO,0.02308,0.02308
18411,31-12-2014,SO,0.035421,0.035421
18411,30-01-2015,SO,0.032784,0.032784
18411,27-02-2015,SO,-0.086849,-0.0972
18411,31-03-2015,SO,-0.032977,-0.032977
18411,30-04-2015,SO,0.000452,0.000452
18411,29-05-2015,SO,-0.001524,-0.01377
18411,30-06-2015,SO,-0.04097,-0.04097
18411,31-07-2015,SO,0.067542,0.067542
18411,31-08-2015,SO,-0.017382,-0.02951
18411,30-09-2015,SO,0.029717,0.029717
18411,30-10-2015,SO,0.008948,0.008948
18411,30-11-2015,SO,-0.000388,-0.012417
18411,31-12-2015,SO,0.050516,0.050516
18411,29-01-2016,SO,0.045522,0.045522
18411,29-02-2016,SO,-0.004037,-0.015127
18411,31-03-2016,SO,0.073682,0.073682
18411,29-04-2016,SO,-0.03151,-0.03151
18411,31-05-2016,SO,-0.001996,-0.013174
18411,30-06-2016,SO,0.084749,0.084749
18411,29-07-2016,SO,-0.002424,-0.002424
18411,31-08-2016,SO,-0.030093,-0.040561
18411,30-09-2016,SO,-0.000585,-0.000585
18411,31-10-2016,SO,0.005263,0.005263
18411,30-11-2016,SO,-0.081249,-0.092108
18411,30-12-2016,SO,0.050619,0.050619
18411,31-01-2017,SO,0.004879,0.004879
18411,28-02-2017,SO,0.03945,0.028121
18411,31-03-2017,SO,-0.020464,-0.020464
18411,28-04-2017,SO,0.000402,0.000402
18411,31-05-2017,SO,0.027912,0.016265
18411,30-06-2017,SO,-0.053942,-0.053942
18411,31-07-2017,SO,0.001044,0.001044
18411,31-08-2017,SO,0.018986,0.006885
18411,29-09-2017,SO,0.018235,0.018235
18411,31-10-2017,SO,0.062271,0.062271
18411,30-11-2017,SO,-0.008046,-0.019157
18411,29-12-2017,SO,-0.060742,-0.060742
18411,31-01-2018,SO,-0.061967,-0.061967
18411,28-02-2018,SO,-0.032587,-0.045444
18411,29-03-2018,SO,0.037157,0.037157
18411,30-04-2018,SO,0.032691,0.032691
18411,31-05-2018,SO,-0.013443,-0.026453
18411,29-06-2018,SO,0.031403,0.031403
18411,31-07-2018,SO,0.049449,0.049449
18411,31-08-2018,SO,-0.086831,-0.099177
18411,28-09-2018,SO,-0.004111,-0.004111
18411,31-10-2018,SO,0.032798,0.032798
18411,30-11-2018,SO,0.064402,0.051077
18411,31-12-2018,SO,-0.072047,-0.072047
18411,31-01-2019,SO,0.106557,0.106557
18411,28-02-2019,SO,0.034774,0.022428
18411,29-03-2019,SO,0.040048,0.040048
18411,30-04-2019,SO,0.029799,0.029799
18411,31-05-2019,SO,0.016911,0.005261
18411,28-06-2019,SO,0.033271,0.033271
18411,31-07-2019,SO,0.016643,0.016643
18411,30-08-2019,SO,0.047687,0.036655
18411,30-09-2019,SO,0.060247,0.060247
18411,31-10-2019,SO,0.014408,0.014408
18411,29-11-2019,SO,-0.000798,-0.010693
18411,31-12-2019,SO,0.027585,0.027585
18411,31-01-2020,SO,0.105181,0.105181
18411,28-02-2020,SO,-0.133807,-0.142614
18411,31-03-2020,SO,-0.103048,-0.103048
18411,30-04-2020,SO,0.047839,0.047839
18411,29-05-2020,SO,0.017275,0.005993
18411,30-06-2020,SO,-0.091467,-0.091467
18411,31-07-2020,SO,0.053231,0.053231
18411,31-08-2020,SO,-0.032778,-0.044497
18411,30-09-2020,SO,0.039095,0.039095
18411,30-10-2020,SO,0.059572,0.059572
18411,30-11-2020,SO,0.052916,0.041775
18411,31-12-2020,SO,0.026399,0.026399
18411,29-01-2021,SO,-0.04086,-0.04086
18411,26-02-2021,SO,-0.026477,-0.037339
18411,31-03-2021,SO,0.09591,0.09591
18411,30-04-2021,SO,0.064511,0.064511
18411,28-05-2021,SO,-0.024029,-0.034003
18411,30-06-2021,SO,-0.053348,-0.053348
18411,30-07-2021,SO,0.055528,0.055528
18411,31-08-2021,SO,0.039455,0.029122
18411,30-09-2021,SO,-0.057204,-0.057204
18411,29-10-2021,SO,0.005648,0.005648
18411,30-11-2021,SO,-0.008986,-0.019576
18411,31-12-2021,SO,0.122422,0.122422
18411,31-01-2022,SO,0.013269,0.013269
18411,28-02-2022,SO,-0.058426,-0.067923
18411,31-03-2022,SO,0.1195,0.1195
18411,29-04-2022,SO,0.012136,0.012136
18411,31-05-2022,SO,0.040196,0.030931
18411,30-06-2022,SO,-0.057494,-0.057494
18411,29-07-2022,SO,0.07825,0.07825
18411,31-08-2022,SO,0.011185,0.002341
18411,30-09-2022,SO,-0.117685,-0.117685
18411,31-10-2022,SO,-0.037059,-0.037059
18411,30-11-2022,SO,0.043372,0.032987
18411,30-12-2022,SO,0.055736,0.055736
18411,31-01-2023,SO,-0.052234,-0.052234
18411,28-02-2023,SO,-0.058215,-0.068262
18411,31-03-2023,SO,0.103394,0.103394
18411,28-04-2023,SO,0.057057,0.057057
18411,31-05-2023,SO,-0.042148,-0.051666
18411,30-06-2023,SO,0.007168,0.007168
18411,31-07-2023,SO,0.029751,0.029751
18411,31-08-2023,SO,-0.05405,-0.063727
18411,29-09-2023,SO,-0.044441,-0.044441
18411,31-10-2023,SO,0.039864,0.039864
18411,30-11-2023,SO,0.065082,0.054681
18411,29-12-2023,SO,-0.012116,-0.012116
19561,31-01-2014,BA,-0.082277,-0.082277
19561,28-02-2014,BA,0.035047,0.029219
19561,31-03-2014,BA,-0.026606,-0.026606
19561,30-04-2014,BA,0.02813,0.02813
19561,30-05-2014,BA,0.053945,0.048287
19561,30-06-2014,BA,-0.059298,-0.059298
19561,31-07-2014,BA,-0.053054,-0.053054
19561,29-08-2014,BA,0.058516,0.052457
19561,30-09-2014,BA,0.004574,0.004574
19561,31-10-2014,BA,-0.019391,-0.019391
19561,28-11-2014,BA,0.081499,0.075654
19561,31-12-2014,BA,-0.032599,-0.032599
19561,30-01-2015,BA,0.118403,0.118403
19561,27-02-2015,BA,0.043957,0.037697
19561,31-03-2015,BA,-0.005104,-0.005104
19561,30-04-2015,BA,-0.044909,-0.044909
19561,29-05-2015,BA,-0.013325,-0.019673
19561,30-06-2015,BA,-0.01281,-0.01281
19561,31-07-2015,BA,0.039288,0.039288
19561,31-08-2015,BA,-0.087258,-0.09357
19561,30-09-2015,BA,0.002066,0.002066
19561,30-10-2015,BA,0.130737,0.130737
19561,30-11-2015,BA,-0.011549,-0.017694
19561,31-12-2015,BA,-0.005913,-0.005913
19561,29-01-2016,BA,-0.169168,-0.169168
19561,29-02-2016,BA,-0.007159,-0.016232
19561,31-03-2016,BA,0.074124,0.074124
19561,29-04-2016,BA,0.061919,0.061919
19561,31-05-2016,BA,-0.056083,-0.064169
19561,30-06-2016,BA,0.029489,0.029489
19561,29-07-2016,BA,0.029183,0.029183
19561,31-08-2016,BA,-0.023343,-0.031498
19561,30-09-2016,BA,0.01769,0.01769
19561,31-10-2016,BA,0.081145,0.081145
19561,30-11-2016,BA,0.064734,0.057081
19561,30-12-2016,BA,0.034006,0.034006
19561,31-01-2017,BA,0.049717,0.049717
19561,28-02-2017,BA,0.111553,0.102864
19561,31-03-2017,BA,-0.018698,-0.018698
19561,28-04-2017,BA,0.045064,0.045064
19561,31-05-2017,BA,0.022832,0.015149
19561,30-06-2017,BA,0.053936,0.053936
19561,31-07-2017,BA,0.226094,0.226094
19561,31-08-2017,BA,-0.005692,-0.011548
19561,29-09-2017,BA,0.060711,0.060711
19561,31-10-2017,BA,0.01483,0.01483
19561,30-11-2017,BA,0.078456,0.072951
19561,29-12-2017,BA,0.065426,0.065426
19561,31-01-2018,BA,0.201621,0.201621
19561,28-02-2018,BA,0.026949,0.022124
19561,29-03-2018,BA,-0.094779,-0.094779
19561,30-04-2018,BA,0.017323,0.017323
19561,31-05-2018,BA,0.060889,0.055762
19561,29-06-2018,BA,-0.04728,-0.04728
19561,31-07-2018,BA,0.061965,0.061965
19561,31-08-2018,BA,-0.033118,-0.037917
19561,28-09-2018,BA,0.084921,0.084921
19561,31-10-2018,BA,-0.045819,-0.045819
19561,30-11-2018,BA,-0.018007,-0.022826
19561,31-12-2018,BA,-0.069962,-0.069962
19561,31-01-2019,BA,0.195721,0.195721
19561,28-02-2019,BA,0.146245,0.140916
19561,29-03-2019,BA,-0.133058,-0.133058
19561,30-04-2019,BA,-0.009779,-0.009779
19561,31-05-2019,BA,-0.090087,-0.095528
19561,28-06-2019,BA,0.065572,0.065572
19561,31-07-2019,BA,-0.062718,-0.062718
19561,30-08-2019,BA,0.073173,0.067149
19561,30-09-2019,BA,0.044989,0.044989
19561,31-10-2019,BA,-0.106605,-0.106605
19561,29-11-2019,BA,0.083331,0.077285
19561,31-12-2019,BA,-0.110383,-0.110383
19561,31-01-2020,BA,-0.022992,-0.022992
19561,28-02-2020,BA,-0.129151,-0.135608
19561,31-03-2020,BA,-0.45789,-0.45789
19561,30-04-2020,BA,-0.054445,-0.054445
19561,29-05-2020,BA,0.03425,0.03425
19561,30-06-2020,BA,0.256771,0.256771
19561,31-07-2020,BA,-0.138025,-0.138025
19561,31-08-2020,BA,0.087468,0.087468
19561,30-09-2020,BA,-0.03818,-0.03818
19561,30-10-2020,BA,-0.126286,-0.126286
19561,30-11-2020,BA,0.459312,0.459312
19561,31-12-2020,BA,0.015899,0.015899
19561,29-01-2021,BA,-0.092824,-0.092824
19561,26-02-2021,BA,0.091766,0.091766
19561,31-03-2021,BA,0.201453,0.201453
19561,30-04-2021,BA,-0.080127,-0.080127
19561,28-05-2021,BA,0.054244,0.054244
19561,30-06-2021,BA,-0.0302,-0.0302
19561,30-07-2021,BA,-0.0546,-0.0546
19561,31-08-2021,BA,-0.030819,-0.030819
19561,30-09-2021,BA,0.002005,0.002005
19561,29-10-2021,BA,-0.058698,-0.058698
19561,30-11-2021,BA,-0.044341,-0.044341
19561,31-12-2021,BA,0.017539,0.017539
19561,31-01-2022,BA,-0.005365,-0.005365
19561,28-02-2022,BA,0.025469,0.025469
19561,31-03-2022,BA,-0.0674,-0.0674
19561,29-04-2022,BA,-0.222768,-0.222768
19561,31-05-2022,BA,-0.117173,-0.117173
19561,30-06-2022,BA,0.040487,0.040487
19561,29-07-2022,BA,0.165228,0.165228
19561,31-08-2022,BA,0.0059,0.0059
19561,30-09-2022,BA,-0.244431,-0.244431
19561,31-10-2022,BA,0.17699,0.17699
19561,30-11-2022,BA,0.25521,0.25521
19561,30-12-2022,BA,0.064904,0.064904
19561,31-01-2023,BA,0.118169,0.118169
19561,28-02-2023,BA,-0.053756,-0.053756
19561,31-03-2023,BA,0.053982,0.053982
19561,28-04-2023,BA,-0.026597,-0.026597
19561,31-05-2023,BA,-0.005223,-0.005223
19561,30-06-2023,BA,0.026544,0.026544
19561,31-07-2023,BA,0.131133,0.131133
19561,31-08-2023,BA,-0.062047,-0.062047
19561,29-09-2023,BA,-0.1444,-0.1444
19561,31-10-2023,BA,-0.025355,-0.025355
19561,30-11-2023,BA,0.239857,0.239857
19561,29-12-2023,BA,0.125329,0.125329
21936,31-01-2014,PFE,-0.007509,-0.007509
21936,28-02-2014,PFE,0.064803,0.05625
21936,31-03-2014,PFE,0.000311,0.000311
21936,30-04-2014,PFE,-0.026152,-0.026152
21936,30-05-2014,PFE,-0.044437,-0.052749
21936,30-06-2014,PFE,0.001688,0.001688
21936,31-07-2014,PFE,-0.024259,-0.033019
21936,29-08-2014,PFE,0.024042,0.024042
21936,30-09-2014,PFE,0.006125,0.006125
21936,31-10-2014,PFE,0.012851,0.012851
21936,28-11-2014,PFE,0.048748,0.040067
21936,31-12-2014,PFE,0,0
21936,30-01-2015,PFE,0.00321,0.00321
21936,27-02-2015,PFE,0.1072,0.09824
21936,31-03-2015,PFE,0.013695,0.013695
21936,30-04-2015,PFE,-0.02472,-0.02472
21936,29-05-2015,PFE,0.03242,0.024167
21936,30-06-2015,PFE,-0.035108,-0.035108
21936,31-07-2015,PFE,0.075455,0.075455
21936,31-08-2015,PFE,-0.098724,-0.106489
21936,30-09-2015,PFE,-0.02514,-0.02514
21936,30-10-2015,PFE,0.076727,0.076727
21936,30-11-2015,PFE,-0.022768,-0.031047
21936,31-12-2015,PFE,-0.014953,-0.014953
21936,29-01-2016,PFE,-0.055452,-0.055452
21936,29-02-2016,PFE,-0.017055,-0.026894
21936,31-03-2016,PFE,-0.001011,-0.001011
21936,29-04-2016,PFE,0.103576,0.103576
21936,31-05-2016,PFE,0.070009,0.060838
21936,30-06-2016,PFE,0.014697,0.014697
21936,29-07-2016,PFE,0.047714,0.047714
21936,31-08-2016,PFE,-0.048523,-0.056655
21936,30-09-2016,PFE,-0.026724,-0.026724
21936,31-10-2016,PFE,-0.063773,-0.063773
21936,30-11-2016,PFE,0.023021,0.01356
21936,30-12-2016,PFE,0.010579,0.010579
21936,31-01-2017,PFE,-0.023091,-0.023091
21936,28-02-2017,PFE,0.085408,0.075323
21936,31-03-2017,PFE,0.002638,0.002638
21936,28-04-2017,PFE,-0.008477,-0.008477
21936,31-05-2017,PFE,-0.028007,-0.037441
21936,30-06-2017,PFE,0.02879,0.02879
21936,31-07-2017,PFE,-0.012801,-0.012801
21936,31-08-2017,PFE,0.032569,0.022919
21936,29-09-2017,PFE,0.052476,0.052476
21936,31-10-2017,PFE,-0.017927,-0.017927
21936,30-11-2017,PFE,0.043354,0.034227
21936,29-12-2017,PFE,-0.001103,-0.001103
21936,31-01-2018,PFE,0.022639,0.022639
21936,28-02-2018,PFE,-0.010529,-0.019708
21936,29-03-2018,PFE,-0.022583,-0.022583
21936,30-04-2018,PFE,0.031558,0.031558
21936,31-05-2018,PFE,-0.009287,-0.018574
21936,29-06-2018,PFE,0.009741,0.009741
21936,31-07-2018,PFE,0.100606,0.100606
21936,31-08-2018,PFE,0.048335,0.03982
21936,28-09-2018,PFE,0.061416,0.061416
21936,31-10-2018,PFE,-0.022918,-0.022918
21936,30-11-2018,PFE,0.081514,0.073618
21936,31-12-2018,PFE,-0.055808,-0.055808
21936,31-01-2019,PFE,-0.019244,-0.027491
21936,28-02-2019,PFE,0.021201,0.021201
21936,29-03-2019,PFE,-0.0203,-0.0203
21936,30-04-2019,PFE,-0.043796,-0.043796
21936,31-05-2019,PFE,0.031273,0.022408
21936,28-06-2019,PFE,0.043353,0.043353
21936,31-07-2019,PFE,-0.103416,-0.103416
21936,30-08-2019,PFE,-0.075438,-0.084707
21936,30-09-2019,PFE,0.010689,0.010689
21936,31-10-2019,PFE,0.06791,0.06791
21936,29-11-2019,PFE,0.013292,0.003909
21936,31-12-2019,PFE,0.017134,0.017134
21936,31-01-2020,PFE,-0.039816,-0.049515
21936,28-02-2020,PFE,-0.102578,-0.102578
21936,31-03-2020,PFE,-0.023339,-0.023339
21936,30-04-2020,PFE,0.175245,0.175245
21936,29-05-2020,PFE,0.005474,-0.004432
21936,30-06-2020,PFE,-0.143755,-0.143755
21936,31-07-2020,PFE,0.188379,0.176758
21936,31-08-2020,PFE,-0.017931,-0.017931
21936,30-09-2020,PFE,-0.028844,-0.028844
21936,30-10-2020,PFE,-0.033243,-0.033243
21936,30-11-2020,PFE,0.140506,0.140506
21936,31-12-2020,PFE,-0.039154,-0.039154
21936,29-01-2021,PFE,-0.014127,-0.024722
21936,26-02-2021,PFE,-0.067131,-0.067131
21936,31-03-2021,PFE,0.081815,0.081815
21936,30-04-2021,PFE,0.066796,0.066796
21936,28-05-2021,PFE,0.01216,0.00207
21936,30-06-2021,PFE,0.011103,0.011103
21936,30-07-2021,PFE,0.103167,0.093207
21936,31-08-2021,PFE,0.07615,0.07615
21936,30-09-2021,PFE,-0.066421,-0.066421
21936,29-10-2021,PFE,0.016973,0.016973
21936,30-11-2021,PFE,0.237311,0.228395
21936,31-12-2021,PFE,0.099014,0.099014
21936,31-01-2022,PFE,-0.100931,-0.107705
21936,28-02-2022,PFE,-0.109129,-0.109129
21936,31-03-2022,PFE,0.102897,0.102897
21936,29-04-2022,PFE,-0.052154,-0.052154
21936,31-05-2022,PFE,0.089056,0.080905
21936,30-06-2022,PFE,-0.011501,-0.011501
21936,29-07-2022,PFE,-0.028991,-0.03662
21936,31-08-2022,PFE,-0.104534,-0.104534
21936,30-09-2022,PFE,-0.032501,-0.032501
21936,31-10-2022,PFE,0.063757,0.063757
21936,30-11-2022,PFE,0.0855,0.076907
21936,30-12-2022,PFE,0.022142,0.022142
21936,31-01-2023,PFE,-0.130172,-0.138173
21936,28-02-2023,PFE,-0.081295,-0.081295
21936,31-03-2023,PFE,0.005669,0.005669
21936,28-04-2023,PFE,-0.046814,-0.046814
21936,31-05-2023,PFE,-0.011828,-0.022371
21936,30-06-2023,PFE,-0.035245,-0.035245
21936,31-07-2023,PFE,-0.005725,-0.016903
21936,31-08-2023,PFE,-0.018857,-0.018857
21936,29-09-2023,PFE,-0.062465,-0.062465
21936,31-10-2023,PFE,-0.078686,-0.078686
21936,30-11-2023,PFE,0.010471,-0.002945
21936,29-12-2023,PFE,-0.055136,-0.055136
22111,31-01-2014,JNJ,-0.034065,-0.034065
22111,28-02-2014,JNJ,0.048717,0.041257
22111,31-03-2014,JNJ,0.066327,0.066327
22111,30-04-2014,JNJ,0.031151,0.031151
22111,30-05-2014,JNJ,0.008589,0.001678
22111,30-06-2014,JNJ,0.031145,0.031145
22111,31-07-2014,JNJ,-0.0433,-0.0433
22111,29-08-2014,JNJ,0.043361,0.036367
22111,30-09-2014,JNJ,0.027572,0.027572
22111,31-10-2014,JNJ,0.011164,0.011164
22111,28-11-2014,JNJ,0.010855,0.004361
22111,31-12-2014,JNJ,-0.033995,-0.033995
22111,30-01-2015,JNJ,-0.042364,-0.042364
22111,27-02-2015,JNJ,0.030657,0.023667
22111,31-03-2015,JNJ,-0.018632,-0.018632
22111,30-04-2015,JNJ,-0.013917,-0.013917
22111,29-05-2015,JNJ,0.017036,0.009476
22111,30-06-2015,JNJ,-0.026763,-0.026763
22111,31-07-2015,JNJ,0.028217,0.028217
22111,31-08-2015,JNJ,-0.054685,-0.062169
22111,30-09-2015,JNJ,-0.006704,-0.006704
22111,30-10-2015,JNJ,0.082271,0.082271
22111,30-11-2015,JNJ,0.009502,0.002079
22111,31-12-2015,JNJ,0.014619,0.014619
22111,29-01-2016,JNJ,0.016745,0.016745
22111,29-02-2016,JNJ,0.014554,0.007373
22111,31-03-2016,JNJ,0.028419,0.028419
22111,29-04-2016,JNJ,0.03586,0.03586
22111,31-05-2016,JNJ,0.01258,0.005443
22111,30-06-2016,JNJ,0.076404,0.076404
22111,29-07-2016,JNJ,0.032399,0.032399
22111,31-08-2016,JNJ,-0.040645,-0.047034
22111,30-09-2016,JNJ,-0.010139,-0.010139
22111,31-10-2016,JNJ,-0.018116,-0.018116
22111,30-11-2016,JNJ,-0.033537,-0.040434
22111,30-12-2016,JNJ,0.03513,0.03513
22111,31-01-2017,JNJ,-0.017012,-0.017012
22111,28-02-2017,JNJ,0.086181,0.079117
22111,31-03-2017,JNJ,0.019147,0.019147
22111,28-04-2017,JNJ,-0.008671,-0.008671
22111,31-05-2017,JNJ,0.045517,0.038714
22111,30-06-2017,JNJ,0.031501,0.031501
22111,31-07-2017,JNJ,0.00325,0.00325
22111,31-08-2017,JNJ,0.003692,-0.002637
22111,29-09-2017,JNJ,-0.017829,-0.017829
22111,31-10-2017,JNJ,0.072302,0.072302
22111,30-11-2017,JNJ,0.005452,-0.000574
22111,29-12-2017,JNJ,0.002799,0.002799
22111,31-01-2018,JNJ,-0.01095,-0.01095
22111,28-02-2018,JNJ,-0.054056,-0.060135
22111,29-03-2018,JNJ,-0.01332,-0.01332
22111,30-04-2018,JNJ,-0.012954,-0.012954
22111,31-05-2018,JNJ,-0.047197,-0.054313
22111,29-06-2018,JNJ,0.014379,0.014379
22111,31-07-2018,JNJ,0.092138,0.092138
22111,31-08-2018,JNJ,0.023166,0.016375
22111,28-09-2018,JNJ,0.025837,0.025837
22111,31-10-2018,JNJ,0.013172,0.013172
22111,30-11-2018,JNJ,0.05579,0.049361
22111,31-12-2018,JNJ,-0.121511,-0.121511
22111,31-01-2019,JNJ,0.031228,0.031228
22111,28-02-2019,JNJ,0.033514,0.026751
22111,29-03-2019,JNJ,0.023053,0.023053
22111,30-04-2019,JNJ,0.010087,0.010087
22111,31-05-2019,JNJ,-0.064448,-0.071176
22111,28-06-2019,JNJ,0.06199,0.06199
22111,31-07-2019,JNJ,-0.065049,-0.065049
22111,30-08-2019,JNJ,-0.006988,-0.014284
22111,30-09-2019,JNJ,0.007946,0.007946
22111,31-10-2019,JNJ,0.02056,0.02056
22111,29-11-2019,JNJ,0.04847,0.041275
22111,31-12-2019,JNJ,0.06095,0.06095
22111,31-01-2020,JNJ,0.020566,0.020566
22111,28-02-2020,JNJ,-0.09028,-0.096662
22111,31-03-2020,JNJ,-0.024911,-0.024911
22111,30-04-2020,JNJ,0.144208,0.144208
22111,29-05-2020,JNJ,-0.001866,-0.008598
22111,30-06-2020,JNJ,-0.054588,-0.054588
22111,31-07-2020,JNJ,0.036479,0.036479
22111,31-08-2020,JNJ,0.059413,0.052484
22111,30-09-2020,JNJ,-0.029529,-0.029529
22111,30-10-2020,JNJ,-0.079057,-0.079057
22111,30-11-2020,JNJ,0.062577,0.055211
22111,31-12-2020,JNJ,0.08778,0.08778
22111,29-01-2021,JNJ,0.036536,0.036536
22111,26-02-2021,JNJ,-0.022436,-0.028627
22111,31-03-2021,JNJ,0.03717,0.03717
22111,30-04-2021,JNJ,-0.009857,-0.009857
22111,28-05-2021,JNJ,0.04658,0.040066
22111,30-06-2021,JNJ,-0.026647,-0.026647
22111,30-07-2021,JNJ,0.045283,0.045283
22111,31-08-2021,JNJ,0.011556,0.005401
22111,30-09-2021,JNJ,-0.067175,-0.067175
22111,29-10-2021,JNJ,0.008545,0.008545
22111,30-11-2021,JNJ,-0.036162,-0.04267
22111,31-12-2021,JNJ,0.097095,0.097095
22111,31-01-2022,JNJ,0.007132,0.007132
22111,28-02-2022,JNJ,-0.038656,-0.044808
22111,31-03-2022,JNJ,0.076928,0.076928
22111,29-04-2022,JNJ,0.018225,0.018225
22111,31-05-2022,JNJ,0.001108,-0.005154
22111,30-06-2022,JNJ,-0.011252,-0.011252
22111,29-07-2022,JNJ,-0.016844,-0.016844
22111,31-08-2022,JNJ,-0.069047,-0.075521
22111,30-09-2022,JNJ,0.01252,0.01252
22111,31-10-2022,JNJ,0.064949,0.064949
22111,30-11-2022,JNJ,0.02966,0.023165
22111,30-12-2022,JNJ,-0.007584,-0.007584
22111,31-01-2023,JNJ,-0.074894,-0.074894
22111,28-02-2023,JNJ,-0.055256,-0.062171
22111,31-03-2023,JNJ,0.011353,0.011353
22111,28-04-2023,JNJ,0.056129,0.056129
22111,31-05-2023,JNJ,-0.04551,-0.052779
22111,30-06-2023,JNJ,0.067458,0.067458
22111,31-07-2023,JNJ,0.012144,0.012144
22111,31-08-2023,JNJ,-0.027816,-0.034919
22111,29-09-2023,JNJ,-0.036677,-0.036677
22111,31-10-2023,JNJ,-0.047576,-0.047576
22111,30-11-2023,JNJ,0.050627,0.042605
22111,29-12-2023,JNJ,0.013449,0.013449
24205,31-01-2014,NEE,0.073698,0.073698
24205,28-02-2014,NEE,0.002012,-0.005874
24205,31-03-2014,NEE,0.046285,0.046285
24205,30-04-2014,NEE,0.044238,0.044238
24205,30-05-2014,NEE,-0.017676,-0.024937
24205,30-06-2014,NEE,0.052588,0.052588
24205,31-07-2014,NEE,-0.083821,-0.083821
24205,29-08-2014,NEE,0.056289,0.048567
24205,30-09-2014,NEE,-0.04642,-0.04642
24205,31-10-2014,NEE,0.067533,0.067533
24205,28-11-2014,NEE,0.048843,0.041608
24205,31-12-2014,NEE,0.018201,0.018201
24205,30-01-2015,NEE,0.027754,0.027754
24205,27-02-2015,NEE,-0.045862,-0.052911
24205,31-03-2015,NEE,0.005703,0.005703
24205,30-04-2015,NEE,-0.029986,-0.029986
24205,29-05-2015,NEE,0.021599,0.01397
24205,30-06-2015,NEE,-0.042114,-0.042114
24205,31-07-2015,NEE,0.073141,0.073141
24205,31-08-2015,NEE,-0.057224,-0.064544
24205,30-09-2015,NEE,-0.008739,-0.008739
24205,30-10-2015,NEE,0.052383,0.052383
24205,30-11-2015,NEE,-0.019774,-0.027275
24205,31-12-2015,NEE,0.040356,0.040356
24205,29-01-2016,NEE,0.075272,0.075272
24205,29-02-2016,NEE,0.017724,0.009936
24205,31-03-2016,NEE,0.048927,0.048927
24205,29-04-2016,NEE,-0.006422,-0.006422
24205,31-05-2016,NEE,0.029002,0.021602
24205,30-06-2016,NEE,0.085581,0.085581
24205,29-07-2016,NEE,-0.016181,-0.016181
24205,31-08-2016,NEE,-0.05051,-0.057292
24205,30-09-2016,NEE,0.011411,0.011411
24205,31-10-2016,NEE,0.046436,0.046436
24205,30-11-2016,NEE,-0.100781,-0.107578
24205,30-12-2016,NEE,0.045785,0.045785
24205,31-01-2017,NEE,0.03566,0.03566
24205,28-02-2017,NEE,0.066784,0.058843
24205,31-03-2017,NEE,-0.020076,-0.020076
24205,28-04-2017,NEE,0.04043,0.04043
24205,31-05-2017,NEE,0.066356,0.059
24205,30-06-2017,NEE,-0.009262,-0.009262
24205,31-07-2017,NEE,0.042532,0.042532
24205,31-08-2017,NEE,0.036981,0.030255
24205,29-09-2017,NEE,-0.02631,-0.02631
24205,31-10-2017,NEE,0.058137,0.058137
24205,30-11-2017,NEE,0.025488,0.019153
24205,29-12-2017,NEE,-0.011706,-0.011706
24205,31-01-2018,NEE,0.014277,0.014277
24205,28-02-2018,NEE,-0.032572,-0.039578
24205,29-03-2018,NEE,0.07348,0.07348
24205,30-04-2018,NEE,0.003551,0.003551
24205,31-05-2018,NEE,0.011592,0.011592
24205,29-06-2018,NEE,0.014052,0.007358
24205,31-07-2018,NEE,0.003053,0.003053
24205,31-08-2018,NEE,0.021905,0.01528
24205,28-09-2018,NEE,-0.014697,-0.014697
24205,31-10-2018,NEE,0.029236,0.029236
24205,30-11-2018,NEE,0.059826,0.053391
24205,31-12-2018,NEE,-0.043421,-0.043421
24205,31-01-2019,NEE,0.029686,0.029686
24205,28-02-2019,NEE,0.055816,0.048832
24205,29-03-2019,NEE,0.029832,0.029832
24205,30-04-2019,NEE,0.005793,0.005793
24205,31-05-2019,NEE,0.025818,0.019389
24205,28-06-2019,NEE,0.03355,0.03355
24205,31-07-2019,NEE,0.011276,0.011276
24205,30-08-2019,NEE,0.063523,0.057489
24205,30-09-2019,NEE,0.063493,0.063493
24205,31-10-2019,NEE,0.022962,0.022962
24205,29-11-2019,NEE,-0.01372,-0.018964
24205,31-12-2019,NEE,0.035668,0.035668
24205,31-01-2020,NEE,0.107532,0.107532
24205,28-02-2020,NEE,-0.052349,-0.057569
24205,31-03-2020,NEE,-0.04803,-0.04803
24205,30-04-2020,NEE,-0.039481,-0.039481
24205,29-05-2020,NEE,0.105746,0.105746
24205,30-06-2020,NEE,-0.054743,-0.060221
24205,31-07-2020,NEE,0.168756,0.168756
24205,31-08-2020,NEE,-0.000463,-0.005451
24205,30-09-2020,NEE,-0.005767,-0.005767
24205,30-10-2020,NEE,0.055051,0.055051
24205,30-11-2020,NEE,0.009971,0.005191
24205,31-12-2020,NEE,0.048376,0.048376
24205,29-01-2021,NEE,0.048218,0.048218
24205,26-02-2021,NEE,-0.08662,-0.091381
24205,31-03-2021,NEE,0.028987,0.028987
24205,30-04-2021,NEE,0.025129,0.025129
24205,28-05-2021,NEE,-0.055348,-0.055348
24205,30-06-2021,NEE,0.006078,0.000819
24205,30-07-2021,NEE,0.063046,0.063046
24205,31-08-2021,NEE,0.083119,0.078177
24205,30-09-2021,NEE,-0.065127,-0.065127
24205,29-10-2021,NEE,0.08673,0.08673
24205,30-11-2021,NEE,0.021505,0.016993
24205,31-12-2021,NEE,0.075824,0.075824
24205,31-01-2022,NEE,-0.163239,-0.163239
24205,28-02-2022,NEE,0.00736,0.00192
24205,31-03-2022,NEE,0.082279,0.082279
24205,29-04-2022,NEE,-0.16161,-0.16161
24205,31-05-2022,NEE,0.07174,0.065756
24205,30-06-2022,NEE,0.023385,0.023385
24205,29-07-2022,NEE,0.090757,0.090757
24205,31-08-2022,NEE,0.011777,0.006746
24205,30-09-2022,NEE,-0.07818,-0.07818
24205,31-10-2022,NEE,-0.011606,-0.011606
24205,30-11-2022,NEE,0.098387,0.092903
24205,30-12-2022,NEE,-0.012987,-0.012987
24205,31-01-2023,NEE,-0.107297,-0.107297
24205,28-02-2023,NEE,-0.041974,-0.048238
24205,31-03-2023,NEE,0.085175,0.085175
24205,28-04-2023,NEE,-0.005838,-0.005838
24205,31-05-2023,NEE,-0.035267,-0.041368
24205,30-06-2023,NEE,0.010073,0.010073
24205,31-07-2023,NEE,-0.012129,-0.012129
24205,31-08-2023,NEE,-0.082299,-0.088677
24205,29-09-2023,NEE,-0.142365,-0.142365
24205,31-10-2023,NEE,0.01763,0.01763
24205,30-11-2023,NEE,0.011621,0.003602
24205,29-12-2023,NEE,0.038113,0.038113
25785,31-01-2014,F,-0.022359,-0.03046
25785,28-02-2014,F,0.028743,0.028743
25785,31-03-2014,F,0.013645,0.013645
25785,30-04-2014,F,0.043269,0.035256
25785,30-05-2014,F,0.017957,0.017957
25785,30-06-2014,F,0.048662,0.048662
25785,31-07-2014,F,-0.00551,-0.012761
25785,29-08-2014,F,0.022914,0.022914
25785,30-09-2014,F,-0.150488,-0.150488
25785,31-10-2014,F,-0.038878,-0.047329
25785,28-11-2014,F,0.116395,0.116395
25785,31-12-2014,F,-0.014622,-0.014622
25785,30-01-2015,F,-0.04129,-0.050968
25785,27-02-2015,F,0.110809,0.110809
25785,31-03-2015,F,-0.01224,-0.01224
25785,30-04-2015,F,-0.011772,-0.021066
25785,29-05-2015,F,-0.039873,-0.039873
25785,30-06-2015,F,-0.010547,-0.010547
25785,31-07-2015,F,-0.001999,-0.011992
25785,31-08-2015,F,-0.064734,-0.064734
25785,30-09-2015,F,-0.021629,-0.021629
25785,30-10-2015,F,0.102432,0.091378
25785,30-11-2015,F,-0.032411,-0.032411
25785,31-12-2015,F,-0.016748,-0.016748
25785,29-01-2016,F,-0.124202,-0.152591
25785,29-02-2016,F,0.047739,0.047739
25785,31-03-2016,F,0.079137,0.079137
25785,29-04-2016,F,0.015556,0.004444
25785,31-05-2016,F,-0.005162,-0.005162
25785,30-06-2016,F,-0.068199,-0.068199
25785,29-07-2016,F,0.019093,0.00716
25785,31-08-2016,F,-0.004739,-0.004739
25785,30-09-2016,F,-0.042064,-0.042064
25785,31-10-2016,F,-0.014913,-0.027341
25785,30-11-2016,F,0.018739,0.018739
25785,30-12-2016,F,0.014214,0.014214
25785,31-01-2017,F,0.035449,0.018961
25785,28-02-2017,F,0.013754,0.013754
25785,31-03-2017,F,-0.071029,-0.071029
25785,28-04-2017,F,-0.001718,-0.014605
25785,31-05-2017,F,-0.030514,-0.030514
25785,30-06-2017,F,0.006295,0.006295
25785,31-07-2017,F,0.016086,0.002681
25785,31-08-2017,F,-0.016934,-0.016934
25785,29-09-2017,F,0.085222,0.085222
25785,31-10-2017,F,0.037594,0.025063
25785,30-11-2017,F,0.020375,0.020375
25785,29-12-2017,F,-0.002396,-0.002396
25785,31-01-2018,F,-0.099279,-0.121697
25785,28-02-2018,F,-0.032817,-0.032817
25785,29-03-2018,F,0.044298,0.044298
25785,30-04-2018,F,0.027978,0.01444
25785,31-05-2018,F,0.02758,0.02758
25785,29-06-2018,F,-0.041558,-0.041558
25785,31-07-2018,F,-0.079494,-0.093044
25785,31-08-2018,F,-0.055777,-0.055777
25785,28-09-2018,F,-0.024262,-0.024262
25785,31-10-2018,F,0.048649,0.032432
25785,30-11-2018,F,-0.01466,-0.01466
25785,31-12-2018,F,-0.187035,-0.187035
25785,31-01-2019,F,0.169935,0.150327
25785,28-02-2019,F,-0.003409,-0.003409
25785,29-03-2019,F,0.00114,0.00114
25785,30-04-2019,F,0.207289,0.190205
25785,31-05-2019,F,-0.088995,-0.088995
25785,28-06-2019,F,0.07458,0.07458
25785,31-07-2019,F,-0.053763,-0.068426
25785,30-08-2019,F,-0.037775,-0.037775
25785,30-09-2019,F,-0.001091,-0.001091
25785,31-10-2019,F,-0.045851,-0.062227
25785,29-11-2019,F,0.054715,0.054715
25785,31-12-2019,F,0.02649,0.02649
25785,31-01-2020,F,-0.035484,-0.051613
25785,28-02-2020,F,-0.210884,-0.210884
25785,31-03-2020,F,-0.306035,-0.306035
25785,30-04-2020,F,0.05383,0.05383
25785,29-05-2020,F,0.121807,0.121807
25785,30-06-2020,F,0.064799,0.064799
25785,31-07-2020,F,0.087171,0.087171
25785,31-08-2020,F,0.03177,0.03177
25785,30-09-2020,F,-0.02346,-0.02346
25785,30-10-2020,F,0.160661,0.160661
25785,30-11-2020,F,0.174644,0.174644
25785,31-12-2020,F,-0.031938,-0.031938
25785,29-01-2021,F,0.197952,0.197952
25785,26-02-2021,F,0.111111,0.111111
25785,31-03-2021,F,0.047009,0.047009
25785,30-04-2021,F,-0.057959,-0.057959
25785,28-05-2021,F,0.259099,0.259099
25785,30-06-2021,F,0.022712,0.022712
25785,30-07-2021,F,-0.061238,-0.061238
25785,31-08-2021,F,-0.06595,-0.06595
25785,30-09-2021,F,0.086723,0.086723
25785,29-10-2021,F,0.206215,0.206215
25785,30-11-2021,F,0.129391,0.123536
25785,31-12-2021,F,0.082335,0.082335
25785,31-01-2022,F,-0.017814,-0.022629
25785,28-02-2022,F,-0.134975,-0.134975
25785,31-03-2022,F,-0.037016,-0.037016
25785,29-04-2022,F,-0.156712,-0.162626
25785,31-05-2022,F,-0.033898,-0.033898
25785,30-06-2022,F,-0.186404,-0.186404
25785,29-07-2022,F,0.319856,0.319856
25785,31-08-2022,F,0.047651,0.03744
25785,30-09-2022,F,-0.265092,-0.265092
25785,31-10-2022,F,0.19375,0.19375
25785,30-11-2022,F,0.05086,0.039641
25785,30-12-2022,F,-0.163309,-0.163309
25785,31-01-2023,F,0.161651,0.161651
25785,28-02-2023,F,-0.047372,-0.106588
25785,31-03-2023,F,0.043911,0.043911
25785,28-04-2023,F,-0.045238,-0.057143
25785,31-05-2023,F,0.010101,0.010101
25785,30-06-2023,F,0.260833,0.260833
25785,31-07-2023,F,-0.116986,-0.1269
25785,31-08-2023,F,-0.081756,-0.081756
25785,29-09-2023,F,0.023908,0.023908
25785,31-10-2023,F,-0.202899,-0.214976
25785,30-11-2023,F,0.052308,0.052308
25785,29-12-2023,F,0.188109,0.188109
27959,31-01-2014,DUK,0.02333,0.02333
27959,28-02-2014,DUK,0.014727,0.003682
27959,31-03-2014,DUK,0.004797,0.004797
27959,30-04-2014,DUK,0.045914,0.045914
27959,30-05-2014,DUK,-0.035307,-0.045778
27959,30-06-2014,DUK,0.043754,0.043754
27959,31-07-2014,DUK,-0.027767,-0.027767
27959,29-08-2014,DUK,0.036809,0.025787
27959,30-09-2014,DUK,0.010542,0.010542
27959,31-10-2014,DUK,0.098703,0.098703
27959,28-11-2014,DUK,-0.005539,-0.015216
27959,31-12-2014,DUK,0.032633,0.032633
27959,30-01-2015,DUK,0.043093,0.043093
27959,27-02-2015,DUK,-0.089454,-0.098577
27959,31-03-2015,DUK,-0.022533,-0.022533
27959,30-04-2015,DUK,0.010289,0.010289
27959,29-05-2015,DUK,-0.013472,-0.02372
27959,30-06-2015,DUK,-0.067477,-0.067477
27959,31-07-2015,DUK,0.050977,0.050977
27959,31-08-2015,DUK,-0.033482,-0.044597
27959,30-09-2015,DUK,0.014525,0.014525
27959,30-10-2015,DUK,-0.006533,-0.006533
27959,30-11-2015,DUK,-0.040367,-0.05191
27959,31-12-2015,DUK,0.053571,0.053571
27959,29-01-2016,DUK,0.05477,0.05477
27959,29-02-2016,DUK,-0.00259,-0.013546
27959,31-03-2016,DUK,0.08616,0.08616
27959,29-04-2016,DUK,-0.02355,-0.02355
27959,31-05-2016,DUK,0.003491,-0.006981
27959,30-06-2016,DUK,0.096638,0.096638
27959,29-07-2016,DUK,-0.002331,-0.002331
27959,31-08-2016,DUK,-0.059294,-0.069284
27959,30-09-2016,DUK,0.00477,0.00477
27959,31-10-2016,DUK,-0.00025,-0.00025
27959,30-11-2016,DUK,-0.067421,-0.078105
27959,30-12-2016,DUK,0.052189,0.052189
27959,31-01-2017,DUK,0.011853,0.011853
27959,28-02-2017,DUK,0.061943,0.051057
27959,31-03-2017,DUK,-0.006542,-0.006542
27959,28-04-2017,DUK,0.005975,0.005975
27959,31-05-2017,DUK,0.048909,0.038545
27959,30-06-2017,DUK,-0.024393,-0.024393
27959,31-07-2017,DUK,0.018304,0.018304
27959,31-08-2017,DUK,0.036067,0.025611
27959,29-09-2017,DUK,-0.038717,-0.038717
27959,31-10-2017,DUK,0.052312,0.052312
27959,30-11-2017,DUK,0.01993,0.009852
27959,29-12-2017,DUK,-0.056851,-0.056851
27959,31-01-2018,DUK,-0.066698,-0.066698
27959,28-02-2018,DUK,-0.028917,-0.040255
27959,29-03-2018,DUK,0.028272,0.028272
27959,30-04-2018,DUK,0.034723,0.034723
27959,31-05-2018,DUK,-0.026322,-0.037425
27959,29-06-2018,DUK,0.024883,0.024883
27959,31-07-2018,DUK,0.032119,0.032119
27959,31-08-2018,DUK,0.006708,-0.004656
27959,28-09-2018,DUK,-0.015017,-0.015017
27959,31-10-2018,DUK,0.032617,0.032617
27959,30-11-2018,DUK,0.083111,0.071887
27959,31-12-2018,DUK,-0.025629,-0.025629
27959,31-01-2019,DUK,0.017149,0.017149
27959,28-02-2019,DUK,0.031983,0.021417
27959,29-03-2019,DUK,0.003792,0.003792
27959,30-04-2019,DUK,0.012444,0.012444
27959,31-05-2019,DUK,-0.050291,-0.06047
27959,28-06-2019,DUK,0.030721,0.030721
27959,31-07-2019,DUK,-0.017226,-0.017226
27959,30-08-2019,DUK,0.080316,0.069419
27959,30-09-2019,DUK,0.033642,0.033642
27959,31-10-2019,DUK,-0.016691,-0.016691
27959,29-11-2019,DUK,-0.054583,-0.064609
27959,31-12-2019,DUK,0.034479,0.034479
27959,31-01-2020,DUK,0.070387,0.070387
27959,28-02-2020,DUK,-0.05106,-0.06074
27959,31-03-2020,DUK,-0.117993,-0.117993
27959,30-04-2020,DUK,0.046736,0.046736
27959,29-05-2020,DUK,0.02262,0.011458
27959,30-06-2020,DUK,-0.067033,-0.067033
27959,31-07-2020,DUK,0.060708,0.060708
27959,31-08-2020,DUK,-0.040536,-0.051924
27959,30-09-2020,DUK,0.102315,0.102315
27959,30-10-2020,DUK,0.040086,0.040086
27959,30-11-2020,DUK,0.016448,0.005971
27959,31-12-2020,DUK,-0.011871,-0.011871
27959,29-01-2021,DUK,0.026649,0.026649
27959,26-02-2021,DUK,-0.079202,-0.089468
27959,31-03-2021,DUK,0.127819,0.127819
27959,30-04-2021,DUK,0.043095,0.043095
27959,28-05-2021,DUK,0.004916,-0.004668
27959,30-06-2021,DUK,-0.014967,-0.014967
27959,30-07-2021,DUK,0.064729,0.064729
27959,31-08-2021,DUK,0.00509,-0.004281
27959,30-09-2021,DUK,-0.067552,-0.067552
27959,29-10-2021,DUK,0.045292,0.045292
27959,30-11-2021,DUK,-0.039359,-0.049015
27959,31-12-2021,DUK,0.081332,0.081332
27959,31-01-2022,DUK,0.001525,0.001525
27959,28-02-2022,DUK,-0.034885,-0.04426
27959,31-03-2022,DUK,0.112041,0.112041
27959,29-04-2022,DUK,-0.013434,-0.013434
27959,31-05-2022,DUK,0.030365,0.021423
27959,30-06-2022,DUK,-0.047192,-0.047192
27959,29-07-2022,DUK,0.025371,0.025371
27959,31-08-2022,DUK,-0.01833,-0.027472
27959,30-09-2022,DUK,-0.129922,-0.129922
27959,31-10-2022,DUK,0.00172,0.00172
27959,30-11-2022,DUK,0.083226,0.07244
27959,30-12-2022,DUK,0.030621,0.030621
27959,31-01-2023,DUK,-0.005243,-0.005243
27959,28-02-2023,DUK,-0.070132,-0.079941
27959,31-03-2023,DUK,0.023446,0.023446
27959,28-04-2023,DUK,0.024982,0.024982
27959,31-05-2023,DUK,-0.086822,-0.096986
27959,30-06-2023,DUK,0.00504,0.00504
27959,31-07-2023,DUK,0.043236,0.043236
27959,31-08-2023,DUK,-0.040536,-0.051485
27959,29-09-2023,DUK,-0.006081,-0.006081
27959,31-10-2023,DUK,0.007138,0.007138
27959,30-11-2023,DUK,0.049668,0.038137
27959,29-12-2023,DUK,0.051582,0.051582
47896,31-01-2014,JPM,-0.046854,-0.053352
47896,28-02-2014,JPM,0.026373,0.026373
47896,31-03-2014,JPM,0.068462,0.068462
47896,30-04-2014,JPM,-0.071652,-0.077911
47896,30-05-2014,JPM,-0.007324,-0.007324
47896,30-06-2014,JPM,0.03689,0.03689
47896,31-07-2014,JPM,0.00781,0.000868
47896,29-08-2014,JPM,0.030865,0.030865
47896,30-09-2014,JPM,0.013288,0.013288
47896,31-10-2014,JPM,0.010624,0.003984
47896,28-11-2014,JPM,-0.005291,-0.005291
47896,31-12-2014,JPM,0.040226,0.040226
47896,30-01-2015,JPM,-0.12464,-0.131032
47896,27-02-2015,JPM,0.126885,0.126885
47896,31-03-2015,JPM,-0.011423,-0.011423
47896,30-04-2015,JPM,0.050842,0.044239
47896,29-05-2015,JPM,0.039836,0.039836
47896,30-06-2015,JPM,0.0301,0.0301
47896,31-07-2015,JPM,0.017857,0.011364
47896,31-08-2015,JPM,-0.064643,-0.064643
47896,30-09-2015,JPM,-0.04883,-0.04883
47896,30-10-2015,JPM,0.061014,0.053797
47896,30-11-2015,JPM,0.037821,0.037821
47896,31-12-2015,JPM,-0.009748,-0.009748
47896,29-01-2016,JPM,-0.092231,-0.098894
47896,29-02-2016,JPM,-0.053782,-0.053782
47896,31-03-2016,JPM,0.051865,0.051865
47896,29-04-2016,JPM,0.074637,0.067207
47896,31-05-2016,JPM,0.032753,0.032753
47896,30-06-2016,JPM,-0.047955,-0.047955
47896,29-07-2016,JPM,0.037174,0.02945
47896,31-08-2016,JPM,0.055182,0.055182
47896,30-09-2016,JPM,-0.013482,-0.013482
47896,31-10-2016,JPM,0.047304,0.040096
47896,30-11-2016,JPM,0.157522,0.157522
47896,30-12-2016,JPM,0.076338,0.076338
47896,31-01-2017,JPM,-0.013675,-0.019237
47896,28-02-2017,JPM,0.070779,0.070779
47896,31-03-2017,JPM,-0.030678,-0.030678
47896,28-04-2017,JPM,-0.003871,-0.009563
47896,31-05-2017,JPM,-0.055747,-0.055747
47896,30-06-2017,JPM,0.112599,0.112599
47896,31-07-2017,JPM,0.009847,0.004376
47896,31-08-2017,JPM,-0.009913,-0.009913
47896,29-09-2017,JPM,0.050831,0.050831
47896,31-10-2017,JPM,0.059261,0.053398
47896,30-11-2017,JPM,0.038863,0.038863
47896,29-12-2017,JPM,0.023154,0.023154
47896,31-01-2018,JPM,0.086871,0.081635
47896,28-02-2018,JPM,-0.00147,-0.00147
47896,29-03-2018,JPM,-0.047879,-0.047879
47896,30-04-2018,JPM,-0.005729,-0.010821
47896,31-05-2018,JPM,-0.016271,-0.016271
47896,29-06-2018,JPM,-0.026259,-0.026259
47896,31-07-2018,JPM,0.108541,0.103167
47896,31-08-2018,JPM,-0.003219,-0.003219
47896,28-09-2018,JPM,-0.015186,-0.015186
47896,31-10-2018,JPM,-0.026764,-0.033853
47896,30-11-2018,JPM,0.019905,0.019905
47896,31-12-2018,JPM,-0.122043,-0.122043
47896,31-01-2019,JPM,0.068429,0.060234
47896,28-02-2019,JPM,0.008309,0.008309
47896,29-03-2019,JPM,-0.029992,-0.029992
47896,30-04-2019,JPM,0.154302,0.146399
47896,31-05-2019,JPM,-0.086945,-0.086945
47896,28-06-2019,JPM,0.055115,0.055115
47896,31-07-2019,JPM,0.044723,0.037567
47896,30-08-2019,JPM,-0.052931,-0.052931
47896,30-09-2019,JPM,0.071273,0.071273
47896,31-10-2019,JPM,0.06908,0.061433
47896,29-11-2019,JPM,0.054755,0.054755
47896,31-12-2019,JPM,0.057984,0.057984
47896,31-01-2020,JPM,-0.044046,-0.050502
47896,28-02-2020,JPM,-0.122771,-0.122771
47896,31-03-2020,JPM,-0.224615,-0.224615
47896,30-04-2020,JPM,0.073642,0.063645
47896,29-05-2020,JPM,0.016186,0.016186
47896,30-06-2020,JPM,-0.033398,-0.033398
47896,31-07-2020,JPM,0.036998,0.027429
47896,31-08-2020,JPM,0.036734,0.036734
47896,30-09-2020,JPM,-0.039126,-0.039126
47896,30-10-2020,JPM,0.027735,0.018386
47896,30-11-2020,JPM,0.202366,0.202366
47896,31-12-2020,JPM,0.077961,0.077961
47896,29-01-2021,JPM,0.019674,0.012591
47896,26-02-2021,JPM,0.143779,0.143779
47896,31-03-2021,JPM,0.034382,0.034382
47896,30-04-2021,JPM,0.016291,0.010379
47896,28-05-2021,JPM,0.067811,0.067811
47896,30-06-2021,JPM,-0.052971,-0.052971
47896,30-07-2021,JPM,-0.018388,-0.024174
47896,31-08-2021,JPM,0.053828,0.053828
47896,30-09-2021,JPM,0.023382,0.023382
47896,29-10-2021,JPM,0.043986,0.037876
47896,30-11-2021,JPM,-0.065101,-0.065101
47896,31-12-2021,JPM,-0.003022,-0.003022
47896,31-01-2022,JPM,-0.055257,-0.061572
47896,28-02-2022,JPM,-0.04576,-0.04576
47896,31-03-2022,JPM,-0.038646,-0.038646
47896,29-04-2022,JPM,-0.117078,-0.124413
47896,31-05-2022,JPM,0.107825,0.107825
47896,30-06-2022,JPM,-0.148378,-0.148378
47896,29-07-2022,JPM,0.033301,0.024421
47896,31-08-2022,JPM,-0.01413,-0.01413
47896,30-09-2022,JPM,-0.081157,-0.081157
47896,31-10-2022,JPM,0.214163,0.204593
47896,30-11-2022,JPM,0.097712,0.097712
47896,30-12-2022,JPM,-0.029527,-0.029527
47896,31-01-2023,JPM,0.051156,0.043699
47896,28-02-2023,JPM,0.024221,0.024221
47896,31-03-2023,JPM,-0.090966,-0.090966
47896,28-04-2023,JPM,0.068529,0.060855
47896,31-05-2023,JPM,-0.018301,-0.018301
47896,30-06-2023,JPM,0.071697,0.071697
47896,31-07-2023,JPM,0.092959,0.086084
47896,31-08-2023,JPM,-0.073626,-0.073626
47896,29-09-2023,JPM,-0.008952,-0.008952
47896,31-10-2023,JPM,-0.033857,-0.041098
47896,30-11-2023,JPM,0.122393,0.122393
47896,29-12-2023,JPM,0.089826,0.089826
55976,31-01-2014,WMT,-0.050959,-0.050959
55976,28-02-2014,WMT,0.000268,0.000268
55976,31-03-2014,WMT,0.029585,0.023159
55976,30-04-2014,WMT,0.042915,0.042915
55976,30-05-2014,WMT,-0.030862,-0.036884
55976,30-06-2014,WMT,-0.022144,-0.022144
55976,31-07-2014,WMT,-0.019848,-0.019848
55976,29-08-2014,WMT,0.032618,0.026094
55976,30-09-2014,WMT,0.012848,0.012848
55976,31-10-2014,WMT,-0.002615,-0.002615
55976,28-11-2014,WMT,0.147765,0.147765
55976,31-12-2014,WMT,-0.01348,-0.018963
55976,30-01-2015,WMT,-0.01048,-0.01048
55976,27-02-2015,WMT,-0.012356,-0.012356
55976,31-03-2015,WMT,-0.014178,-0.020017
55976,30-04-2015,WMT,-0.051064,-0.051064
55976,29-05-2015,WMT,-0.042153,-0.048431
55976,30-06-2015,WMT,-0.044971,-0.044971
55976,31-07-2015,WMT,0.014803,0.014803
55976,31-08-2015,WMT,-0.093915,-0.100722
55976,30-09-2015,WMT,0.001699,0.001699
55976,30-10-2015,WMT,-0.117212,-0.117212
55976,30-11-2015,WMT,0.027952,0.027952
55976,31-12-2015,WMT,0.050136,0.041808
55976,29-01-2016,WMT,0.082545,0.082545
55976,29-02-2016,WMT,-0.000301,-0.000301
55976,31-03-2016,WMT,0.039946,0.032409
55976,29-04-2016,WMT,-0.023653,-0.023653
55976,31-05-2016,WMT,0.065949,0.058472
55976,30-06-2016,WMT,0.031647,0.031647
55976,29-07-2016,WMT,-0.000685,-0.000685
55976,31-08-2016,WMT,-0.014115,-0.020968
55976,30-09-2016,WMT,0.009518,0.009518
55976,31-10-2016,WMT,-0.029118,-0.029118
55976,30-11-2016,WMT,0.005856,0.005856
55976,30-12-2016,WMT,-0.011501,-0.0186
55976,31-01-2017,WMT,-0.034433,-0.034433
55976,28-02-2017,WMT,0.062781,0.062781
55976,31-03-2017,WMT,0.023403,0.016213
55976,28-04-2017,WMT,0.043008,0.043008
55976,31-05-2017,WMT,0.052275,0.045491
55976,30-06-2017,WMT,-0.03715,-0.03715
55976,31-07-2017,WMT,0.05695,0.05695
55976,31-08-2017,WMT,-0.017627,-0.024003
55976,29-09-2017,WMT,0.000897,0.000897
55976,31-10-2017,WMT,0.117353,0.117353
55976,30-11-2017,WMT,0.113618,0.113618
55976,29-12-2017,WMT,0.020878,0.015633
55976,31-01-2018,WMT,0.079494,0.079494
55976,28-02-2018,WMT,-0.155628,-0.155628
55976,29-03-2018,WMT,-0.005777,-0.011554
55976,30-04-2018,WMT,-0.005732,-0.005732
55976,31-05-2018,WMT,-0.061045,-0.066923
55976,29-06-2018,WMT,0.037679,0.037679
55976,31-07-2018,WMT,0.041798,0.041798
55976,31-08-2018,WMT,0.08013,0.074302
55976,28-09-2018,WMT,-0.020342,-0.020342
55976,31-10-2018,WMT,0.067831,0.067831
55976,30-11-2018,WMT,-0.026227,-0.026227
55976,31-12-2018,WMT,-0.040758,-0.046083
55976,31-01-2019,WMT,0.028771,0.028771
55976,28-02-2019,WMT,0.032975,0.032975
55976,29-03-2019,WMT,-0.009395,-0.014749
55976,30-04-2019,WMT,0.054445,0.054445
55976,31-05-2019,WMT,-0.00846,-0.013613
55976,28-06-2019,WMT,0.089215,0.089215
55976,31-07-2019,WMT,-0.000996,-0.000996
55976,30-08-2019,WMT,0.039953,0.035151
55976,30-09-2019,WMT,0.038684,0.038684
55976,31-10-2019,WMT,-0.011965,-0.011965
55976,29-11-2019,WMT,0.015606,0.015606
55976,31-12-2019,WMT,0.002351,-0.002099
55976,31-01-2020,WMT,-0.036604,-0.036604
55976,28-02-2020,WMT,-0.059481,-0.059481
55976,31-03-2020,WMT,0.060178,0.055163
55976,30-04-2020,WMT,0.069794,0.069794
55976,29-05-2020,WMT,0.025093,0.02065
55976,30-06-2020,WMT,-0.034499,-0.034499
55976,31-07-2020,WMT,0.080314,0.080314
55976,31-08-2020,WMT,0.077203,0.073029
55976,30-09-2020,WMT,0.007634,0.007634
55976,30-10-2020,WMT,-0.008291,-0.008291
55976,30-11-2020,WMT,0.101189,0.101189
55976,31-12-2020,WMT,-0.053014,-0.056548
55976,29-01-2021,WMT,-0.02539,-0.02539
55976,26-02-2021,WMT,-0.075237,-0.075237
55976,31-03-2021,WMT,0.049723,0.04549
55976,30-04-2021,WMT,0.030038,0.030038
55976,28-05-2021,WMT,0.019084,0.015153
55976,30-06-2021,WMT,-0.007111,-0.007111
55976,30-07-2021,WMT,0.01085,0.01085
55976,31-08-2021,WMT,0.042792,0.038934
55976,30-09-2021,WMT,-0.058879,-0.058879
55976,29-10-2021,WMT,0.072033,0.072033
55976,30-11-2021,WMT,-0.058827,-0.058827
55976,31-12-2021,WMT,0.032781,0.02887
55976,31-01-2022,WMT,-0.033727,-0.033727
55976,28-02-2022,WMT,-0.033259,-0.033259
55976,31-03-2022,WMT,0.105948,0.101805
55976,29-04-2022,WMT,0.02733,0.02733
55976,31-05-2022,WMT,-0.155566,-0.159226
55976,30-06-2022,WMT,-0.054808,-0.054808
55976,29-07-2022,WMT,0.086116,0.086116
55976,31-08-2022,WMT,0.008027,0.003786
55976,30-09-2022,WMT,-0.021501,-0.021501
55976,31-10-2022,WMT,0.097379,0.097379
55976,30-11-2022,WMT,0.070892,0.070892
55976,30-12-2022,WMT,-0.066067,-0.069742
55976,31-01-2023,WMT,0.01467,0.01467
55976,28-02-2023,WMT,-0.012094,-0.012094
55976,31-03-2023,WMT,0.041441,0.03743
55976,28-04-2023,WMT,0.023873,0.023873
55976,31-05-2023,WMT,-0.023382,-0.027158
55976,30-06-2023,WMT,0.070198,0.070198
55976,31-07-2023,WMT,0.017051,0.017051
55976,31-08-2023,WMT,0.020768,0.017203
55976,29-09-2023,WMT,-0.016481,-0.016481
55976,31-10-2023,WMT,0.02176,0.02176
55976,30-11-2023,WMT,-0.047243,-0.047243
55976,29-12-2023,WMT,0.01625,0.012589
59408,31-01-2014,BAC,0.075787,0.075787
59408,28-02-2014,BAC,-0.013134,-0.013134
59408,31-03-2014,BAC,0.041137,0.040532
59408,30-04-2014,BAC,-0.119767,-0.119767
59408,30-05-2014,BAC,0,0
59408,30-06-2014,BAC,0.015852,0.015192
59408,31-07-2014,BAC,-0.007807,-0.007807
59408,29-08-2014,BAC,0.055082,0.055082
59408,30-09-2014,BAC,0.062772,0.059664
59408,31-10-2014,BAC,0.006452,0.006452
59408,28-11-2014,BAC,-0.006993,-0.006993
59408,31-12-2014,BAC,0.052817,0.049883
59408,30-01-2015,BAC,-0.153158,-0.153158
59408,27-02-2015,BAC,0.043564,0.043564
59408,31-03-2015,BAC,-0.023403,-0.026565
59408,30-04-2015,BAC,0.035088,0.035088
59408,29-05-2015,BAC,0.035782,0.035782
59408,30-06-2015,BAC,0.034545,0.031515
59408,31-07-2015,BAC,0.050529,0.050529
59408,31-08-2015,BAC,-0.08613,-0.08613
59408,30-09-2015,BAC,-0.043452,-0.046512
59408,30-10-2015,BAC,0.077022,0.077022
59408,30-11-2015,BAC,0.038737,0.038737
59408,31-12-2015,BAC,-0.031555,-0.034423
59408,29-01-2016,BAC,-0.159834,-0.159834
59408,29-02-2016,BAC,-0.114569,-0.114569
59408,31-03-2016,BAC,0.083866,0.079872
59408,29-04-2016,BAC,0.076923,0.076923
59408,31-05-2016,BAC,0.015797,0.015797
59408,30-06-2016,BAC,-0.099391,-0.102772
59408,29-07-2016,BAC,0.091937,0.091937
59408,31-08-2016,BAC,0.119048,0.113872
59408,30-09-2016,BAC,-0.030359,-0.030359
59408,31-10-2016,BAC,0.054313,0.054313
59408,30-11-2016,BAC,0.284546,0.28
59408,30-12-2016,BAC,0.046401,0.046401
59408,31-01-2017,BAC,0.024434,0.024434
59408,28-02-2017,BAC,0.090106,0.090106
59408,31-03-2017,BAC,-0.041126,-0.044165
59408,28-04-2017,BAC,-0.010598,-0.010598
59408,31-05-2017,BAC,-0.036632,-0.039846
59408,30-06-2017,BAC,0.082552,0.082552
59408,31-07-2017,BAC,-0.005771,-0.005771
59408,31-08-2017,BAC,-0.004561,-0.009536
59408,29-09-2017,BAC,0.060695,0.060695
59408,31-10-2017,BAC,0.0809,0.0809
59408,30-11-2017,BAC,0.032859,0.028478
59408,29-12-2017,BAC,0.047923,0.047923
59408,31-01-2018,BAC,0.084011,0.084011
59408,28-02-2018,BAC,0.003125,0.003125
59408,29-03-2018,BAC,-0.061994,-0.065732
59408,30-04-2018,BAC,-0.002334,-0.002334
59408,31-05-2018,BAC,-0.025401,-0.029412
59408,29-06-2018,BAC,-0.02927,-0.02927
59408,31-07-2018,BAC,0.095424,0.095424
59408,31-08-2018,BAC,0.001619,0.001619
59408,28-09-2018,BAC,-0.042677,-0.047527
59408,31-10-2018,BAC,-0.066531,-0.066531
59408,30-11-2018,BAC,0.032727,0.032727
59408,31-12-2018,BAC,-0.127113,-0.132394
59408,31-01-2019,BAC,0.155438,0.155438
59408,28-02-2019,BAC,0.026695,0.021426
59408,29-03-2019,BAC,-0.051238,-0.051238
59408,30-04-2019,BAC,0.108373,0.108373
59408,31-05-2019,BAC,-0.13015,-0.13015
59408,28-06-2019,BAC,0.095865,0.090226
59408,31-07-2019,BAC,0.057931,0.057931
59408,30-08-2019,BAC,-0.103325,-0.103325
59408,30-09-2019,BAC,0.066885,0.060342
59408,31-10-2019,BAC,0.071992,0.071992
59408,29-11-2019,BAC,0.065558,0.065558
59408,31-12-2019,BAC,0.062425,0.057023
59408,31-01-2020,BAC,-0.067859,-0.067859
59408,28-02-2020,BAC,-0.131892,-0.131892
59408,31-03-2020,BAC,-0.248772,-0.255088
59408,30-04-2020,BAC,0.132831,0.132831
59408,29-05-2020,BAC,0.002911,0.002911
59408,30-06-2020,BAC,-0.007877,-0.01534
59408,31-07-2020,BAC,0.047579,0.047579
59408,31-08-2020,BAC,0.034566,0.034566
59408,30-09-2020,BAC,-0.05711,-0.064103
59408,30-10-2020,BAC,-0.016189,-0.016189
59408,30-11-2020,BAC,0.188186,0.188186
59408,31-12-2020,BAC,0.082741,0.076349
59408,29-01-2021,BAC,-0.021775,-0.021775
59408,26-02-2021,BAC,0.170658,0.170658
59408,31-03-2021,BAC,0.11985,0.114664
59408,30-04-2021,BAC,0.047558,0.047558
59408,28-05-2021,BAC,0.045892,0.045892
59408,30-06-2021,BAC,-0.023119,-0.027365
59408,30-07-2021,BAC,-0.069609,-0.069609
59408,31-08-2021,BAC,0.088373,0.088373
59408,30-09-2021,BAC,0.021796,0.016766
59408,29-10-2021,BAC,0.125559,0.125559
59408,30-11-2021,BAC,-0.069276,-0.069276
59408,31-12-2021,BAC,0.005172,0.00045
59408,31-01-2022,BAC,0.037087,0.037087
59408,28-02-2022,BAC,-0.042046,-0.042046
59408,31-03-2022,BAC,-0.06267,-0.067421
59408,29-04-2022,BAC,-0.134401,-0.134401
59408,31-05-2022,BAC,0.042601,0.042601
59408,30-06-2022,BAC,-0.157527,-0.163172
59408,29-07-2022,BAC,0.086091,0.086091
59408,31-08-2022,BAC,-0.005915,-0.005915
59408,30-09-2022,BAC,-0.094912,-0.101458
59408,31-10-2022,BAC,0.193377,0.193377
59408,30-11-2022,BAC,0.050222,0.050222
59408,30-12-2022,BAC,-0.119155,-0.124967
59408,31-01-2023,BAC,0.071256,0.071256
59408,28-02-2023,BAC,-0.033258,-0.033258
59408,31-03-2023,BAC,-0.159767,-0.166181
59408,28-04-2023,BAC,0.023776,0.023776
59408,31-05-2023,BAC,-0.050888,-0.050888
59408,30-06-2023,BAC,0.040302,0.032386
59408,31-07-2023,BAC,0.115371,0.115371
59408,31-08-2023,BAC,-0.096562,-0.104062
59408,29-09-2023,BAC,-0.044995,-0.044995
59408,31-10-2023,BAC,-0.037984,-0.037984
59408,30-11-2023,BAC,0.166667,0.157555
59408,29-12-2023,BAC,0.104296,0.104296
81774,31-01-2014,FCX,-0.132949,-0.14123
81774,28-02-2014,FCX,0.006479,0.006479
81774,31-03-2014,FCX,0.013795,0.013795
81774,30-04-2014,FCX,0.04876,0.039311
81774,30-05-2014,FCX,-0.00931,-0.00931
81774,30-06-2014,FCX,0.071953,0.071953
81774,31-07-2014,FCX,0.028288,0.019726
81774,29-08-2014,FCX,-0.022837,-0.022837
81774,30-09-2014,FCX,-0.102282,-0.102282
81774,31-10-2014,FCX,-0.117534,-0.127106
81774,28-11-2014,FCX,-0.057895,-0.057895
81774,31-12-2014,FCX,-0.129981,-0.129981
81774,30-01-2015,FCX,-0.267016,-0.280394
81774,27-02-2015,FCX,0.286734,0.286734
81774,31-03-2015,FCX,-0.123902,-0.123902
81774,30-04-2015,FCX,0.230607,0.227968
81774,29-05-2015,FCX,-0.155565,-0.155565
81774,30-06-2015,FCX,-0.052417,-0.052417
81774,31-07-2015,FCX,-0.360338,-0.368958
81774,31-08-2015,FCX,-0.094468,-0.094468
81774,30-09-2015,FCX,-0.089286,-0.089286
81774,30-10-2015,FCX,0.219814,0.214654
81774,30-11-2015,FCX,-0.305013,-0.305013
81774,31-12-2015,FCX,-0.172372,-0.172372
81774,29-01-2016,FCX,-0.320532,-0.320532
81774,29-02-2016,FCX,0.658696,0.658696
81774,31-03-2016,FCX,0.355177,0.355177
81774,29-04-2016,FCX,0.353965,0.353965
81774,31-05-2016,FCX,-0.208571,-0.208571
81774,30-06-2016,FCX,0.005415,0.005415
81774,29-07-2016,FCX,0.163375,0.163375
81774,31-08-2016,FCX,-0.206019,-0.206019
81774,30-09-2016,FCX,0.055394,0.055394
81774,31-10-2016,FCX,0.029466,0.029466
81774,30-11-2016,FCX,0.372987,0.372987
81774,30-12-2016,FCX,-0.140717,-0.140717
81774,31-01-2017,FCX,0.26232,0.26232
81774,28-02-2017,FCX,-0.195195,-0.195195
81774,31-03-2017,FCX,-0.002985,-0.002985
81774,28-04-2017,FCX,-0.045659,-0.045659
81774,31-05-2017,FCX,-0.098824,-0.098824
81774,30-06-2017,FCX,0.045257,0.045257
81774,31-07-2017,FCX,0.217319,0.217319
81774,31-08-2017,FCX,0.010944,0.010944
81774,29-09-2017,FCX,-0.050068,-0.050068
81774,31-10-2017,FCX,-0.004274,-0.004274
81774,30-11-2017,FCX,-0.004292,-0.004292
81774,29-12-2017,FCX,0.362069,0.362069
81774,31-01-2018,FCX,0.028481,0.028481
81774,28-02-2018,FCX,-0.046154,-0.046154
81774,29-03-2018,FCX,-0.055376,-0.055376
81774,30-04-2018,FCX,-0.131474,-0.13432
81774,31-05-2018,FCX,0.111111,0.111111
81774,29-06-2018,FCX,0.021302,0.021302
81774,31-07-2018,FCX,-0.041136,-0.044032
81774,31-08-2018,FCX,-0.148485,-0.148485
81774,28-09-2018,FCX,-0.009253,-0.009253
81774,31-10-2018,FCX,-0.159483,-0.163075
81774,30-11-2018,FCX,0.024893,0.024893
81774,31-12-2018,FCX,-0.136516,-0.136516
81774,31-01-2019,FCX,0.133851,0.129001
81774,28-02-2019,FCX,0.108247,0.108247
81774,29-03-2019,FCX,-0.000775,-0.000775
81774,30-04-2019,FCX,-0.041117,-0.044996
81774,31-05-2019,FCX,-0.21121,-0.21121
81774,28-06-2019,FCX,0.195675,0.195675
81774,31-07-2019,FCX,-0.043066,-0.047373
81774,30-08-2019,FCX,-0.169078,-0.169078
81774,30-09-2019,FCX,0.041349,0.041349
81774,31-10-2019,FCX,0.031348,0.026123
81774,29-11-2019,FCX,0.15886,0.15886
81774,31-12-2019,FCX,0.1529,0.1529
81774,31-01-2020,FCX,-0.150152,-0.153963
81774,28-02-2020,FCX,-0.102703,-0.102703
81774,31-03-2020,FCX,-0.322289,-0.322289
81774,30-04-2020,FCX,0.308148,0.308148
81774,29-05-2020,FCX,0.02718,0.02718
81774,30-06-2020,FCX,0.275634,0.275634
81774,31-07-2020,FCX,0.116681,0.116681
81774,31-08-2020,FCX,0.208204,0.208204
81774,30-09-2020,FCX,0.001922,0.001922
81774,30-10-2020,FCX,0.108696,0.108696
81774,30-11-2020,FCX,0.348904,0.348904
81774,31-12-2020,FCX,0.112441,0.112441
81774,29-01-2021,FCX,0.034204,0.034204
81774,26-02-2021,FCX,0.260126,0.260126
81774,31-03-2021,FCX,-0.0289,-0.0289
81774,30-04-2021,FCX,0.147434,0.145156
81774,28-05-2021,FCX,0.132856,0.132856
81774,30-06-2021,FCX,-0.13132,-0.13132
81774,30-07-2021,FCX,0.028698,0.026677
81774,31-08-2021,FCX,-0.044882,-0.044882
81774,30-09-2021,FCX,-0.106073,-0.106073
81774,29-10-2021,FCX,0.161851,0.159545
81774,30-11-2021,FCX,-0.016967,-0.016967
81774,31-12-2021,FCX,0.125404,0.125404
81774,31-01-2022,FCX,-0.104481,-0.108076
81774,28-02-2022,FCX,0.261419,0.261419
81774,31-03-2022,FCX,0.059425,0.059425
81774,29-04-2022,FCX,-0.181745,-0.184761
81774,31-05-2022,FCX,-0.036251,-0.036251
81774,30-06-2022,FCX,-0.251279,-0.251279
81774,29-07-2022,FCX,0.08339,0.078264
81774,31-08-2022,FCX,-0.061807,-0.061807
81774,30-09-2022,FCX,-0.076689,-0.076689
81774,31-10-2022,FCX,0.16502,0.159532
81774,30-11-2022,FCX,0.255917,0.255917
81774,30-12-2022,FCX,-0.045226,-0.045226
81774,31-01-2023,FCX,0.178158,0.174211
81774,28-02-2023,FCX,-0.081802,-0.081802
81774,31-03-2023,FCX,-0.001465,-0.001465
81774,28-04-2023,FCX,-0.069665,-0.073332
81774,31-05-2023,FCX,-0.09417,-0.09417
81774,30-06-2023,FCX,0.164822,0.164822
81774,31-07-2023,FCX,0.12,0.11625
81774,31-08-2023,FCX,-0.106159,-0.106159
81774,29-09-2023,FCX,-0.065648,-0.065648
81774,31-10-2023,FCX,-0.090105,-0.094127
81774,30-11-2023,FCX,0.104796,0.104796
81774,29-12-2023,FCX,0.140675,0.140675
84788,31-01-2014,AMZN,-0.100554,-0.100554
84788,28-02-2014,AMZN,0.009507,0.009507
84788,31-03-2014,AMZN,-0.071072,-0.071072
84788,30-04-2014,AMZN,-0.095833,-0.095833
84788,30-05-2014,AMZN,0.027685,0.027685
84788,30-06-2014,AMZN,0.03913,0.03913
84788,31-07-2014,AMZN,-0.036302,-0.036302
84788,29-08-2014,AMZN,0.08323,0.08323
84788,30-09-2014,AMZN,-0.048962,-0.048962
84788,31-10-2014,AMZN,-0.052661,-0.052661
84788,28-11-2014,AMZN,0.108623,0.108623
84788,31-12-2014,AMZN,-0.08354,-0.08354
84788,30-01-2015,AMZN,0.142355,0.142355
84788,27-02-2015,AMZN,0.072293,0.072293
84788,31-03-2015,AMZN,-0.021202,-0.021202
84788,30-04-2015,AMZN,0.133512,0.133512
84788,29-05-2015,AMZN,0.017663,0.017663
84788,30-06-2015,AMZN,0.011323,0.011323
84788,31-07-2015,AMZN,0.235113,0.235113
84788,31-08-2015,AMZN,-0.043383,-0.043383
84788,30-09-2015,AMZN,-0.00195,-0.00195
84788,30-10-2015,AMZN,0.222724,0.222724
84788,30-11-2015,AMZN,0.06215,0.06215
84788,31-12-2015,AMZN,0.016682,0.016682
84788,29-01-2016,AMZN,-0.131516,-0.131516
84788,29-02-2016,AMZN,-0.058739,-0.058739
84788,31-03-2016,AMZN,0.074423,0.074423
84788,29-04-2016,AMZN,0.111094,0.111094
84788,31-05-2016,AMZN,0.095817,0.095817
84788,30-06-2016,AMZN,-0.00992,-0.00992
84788,29-07-2016,AMZN,0.060353,0.060353
84788,31-08-2016,AMZN,0.01364,0.01364
84788,30-09-2016,AMZN,0.088603,0.088603
84788,31-10-2016,AMZN,-0.056717,-0.056717
84788,30-11-2016,AMZN,-0.049695,-0.049695
84788,30-12-2016,AMZN,-0.000933,-0.000933
84788,31-01-2017,AMZN,0.098164,0.098164
84788,28-02-2017,AMZN,0.026182,0.026182
84788,31-03-2017,AMZN,0.04911,0.04911
84788,28-04-2017,AMZN,0.043371,0.043371
84788,31-05-2017,AMZN,0.075276,0.075276
84788,30-06-2017,AMZN,-0.026764,-0.026764
84788,31-07-2017,AMZN,0.020434,0.020434
84788,31-08-2017,AMZN,-0.007269,-0.007269
84788,29-09-2017,AMZN,-0.019631,-0.019631
84788,31-10-2017,AMZN,0.149717,0.149717
84788,30-11-2017,AMZN,0.064662,0.064662
84788,29-12-2017,AMZN,-0.006187,-0.006187
84788,31-01-2018,AMZN,0.240639,0.240639
84788,28-02-2018,AMZN,0.042429,0.042429
84788,29-03-2018,AMZN,-0.043049,-0.043049
84788,30-04-2018,AMZN,0.082075,0.082075
84788,31-05-2018,AMZN,0.040539,0.040539
84788,29-06-2018,AMZN,0.043065,0.043065
84788,31-07-2018,AMZN,0.045676,0.045676
84788,31-08-2018,AMZN,0.132365,0.132365
84788,28-09-2018,AMZN,-0.004824,-0.004824
84788,31-10-2018,AMZN,-0.202192,-0.202192
84788,30-11-2018,AMZN,0.057672,0.057672
84788,31-12-2018,AMZN,-0.11135,-0.11135
84788,31-01-2019,AMZN,0.144317,0.144317
84788,28-02-2019,AMZN,-0.045906,-0.045906
84788,29-03-2019,AMZN,0.085936,0.085936
84788,30-04-2019,AMZN,0.081859,0.081859
84788,31-05-2019,AMZN,-0.078613,-0.078613
84788,28-06-2019,AMZN,0.066792,0.066792
84788,31-07-2019,AMZN,-0.014179,-0.014179
84788,30-08-2019,AMZN,-0.048474,-0.048474
84788,30-09-2019,AMZN,-0.022733,-0.022733
84788,31-10-2019,AMZN,0.023475,0.023475
84788,29-11-2019,AMZN,0.013587,0.013587
84788,31-12-2019,AMZN,0.026122,0.026122
84788,31-01-2020,AMZN,0.087064,0.087064
84788,28-02-2020,AMZN,-0.062214,-0.062214
84788,31-03-2020,AMZN,0.035021,0.035021
84788,30-04-2020,AMZN,0.2689,0.2689
84788,29-05-2020,AMZN,-0.012785,-0.012785
84788,30-06-2020,AMZN,0.129567,0.129567
84788,31-07-2020,AMZN,0.147114,0.147114
84788,31-08-2020,AMZN,0.090461,0.090461
84788,30-09-2020,AMZN,-0.087579,-0.087579
84788,30-10-2020,AMZN,-0.035754,-0.035754
84788,30-11-2020,AMZN,0.04344,0.04344
84788,31-12-2020,AMZN,0.028058,0.028058
84788,29-01-2021,AMZN,-0.015576,-0.015576
84788,26-02-2021,AMZN,-0.035328,-0.035328
84788,31-03-2021,AMZN,0.000372,0.000372
84788,30-04-2021,AMZN,0.120663,0.120663
84788,28-05-2021,AMZN,-0.07047,-0.07047
84788,30-06-2021,AMZN,0.067355,0.067355
84788,30-07-2021,AMZN,-0.032722,-0.032722
84788,31-08-2021,AMZN,0.043034,0.043034
84788,30-09-2021,AMZN,-0.053518,-0.053518
84788,29-10-2021,AMZN,0.026602,0.026602
84788,30-11-2021,AMZN,0.039924,0.039924
84788,31-12-2021,AMZN,-0.049252,-0.049252
84788,31-01-2022,AMZN,-0.10283,-0.10283
84788,28-02-2022,AMZN,0.026673,0.026673
84788,31-03-2022,AMZN,0.061437,0.061437
84788,29-04-2022,AMZN,-0.237525,-0.237525
84788,31-05-2022,AMZN,-0.032764,-0.032764
84788,30-06-2022,AMZN,-0.116459,-0.116459
84788,29-07-2022,AMZN,0.270596,0.270596
84788,31-08-2022,AMZN,-0.060615,-0.060615
84788,30-09-2022,AMZN,-0.108622,-0.108622
84788,31-10-2022,AMZN,-0.093451,-0.093451
84788,30-11-2022,AMZN,-0.057595,-0.057595
84788,30-12-2022,AMZN,-0.129894,-0.129894
84788,31-01-2023,AMZN,0.227738,0.227738
84788,28-02-2023,AMZN,-0.086299,-0.086299
84788,31-03-2023,AMZN,0.096148,0.096148
84788,28-04-2023,AMZN,0.020912,0.020912
84788,31-05-2023,AMZN,0.14348,0.14348
84788,30-06-2023,AMZN,0.081108,0.081108
84788,31-07-2023,AMZN,0.025468,0.025468
84788,31-08-2023,AMZN,0.032391,0.032391
84788,29-09-2023,AMZN,-0.078907,-0.078907
84788,31-10-2023,AMZN,0.046963,0.046963
84788,30-11-2023,AMZN,0.097678,0.097678
84788,29-12-2023,AMZN,0.040044,0.040044
86111,31-01-2014,AMT,0.01328,0.01328
86111,28-02-2014,AMT,0.007295,0.007295
86111,31-03-2014,AMT,0.00491,0.00491
86111,30-04-2014,AMT,0.024062,0.020154
86111,30-05-2014,AMT,0.073156,0.073156
86111,30-06-2014,AMT,0.007698,0.003905
86111,31-07-2014,AMT,0.049011,0.049011
86111,29-08-2014,AMT,0.044602,0.044602
86111,30-09-2014,AMT,-0.046755,-0.050406
86111,31-10-2014,AMT,0.041333,0.041333
86111,28-11-2014,AMT,0.077026,0.077026
86111,31-12-2014,AMT,-0.055042,-0.058661
86111,30-01-2015,AMT,-0.019221,-0.019221
86111,27-02-2015,AMT,0.022589,0.022589
86111,31-03-2015,AMT,-0.050333,-0.050333
86111,30-04-2015,AMT,0.008497,0.004036
86111,29-05-2015,AMT,-0.018407,-0.018407
86111,30-06-2015,AMT,0.01013,0.005389
86111,31-07-2015,AMT,0.019509,0.019509
86111,31-08-2015,AMT,-0.030701,-0.030701
86111,30-09-2015,AMT,-0.040677,-0.045667
86111,30-10-2015,AMT,0.161969,0.161969
86111,30-11-2015,AMT,-0.027878,-0.027878
86111,31-12-2015,AMT,-0.019521,-0.024452
86111,29-01-2016,AMT,-0.026921,-0.026921
86111,29-02-2016,AMT,-0.022684,-0.022684
86111,31-03-2016,AMT,0.110304,0.110304
86111,29-04-2016,AMT,0.029501,0.024519
86111,31-05-2016,AMT,0.008581,0.008581
86111,30-06-2016,AMT,0.079032,0.074022
86111,29-07-2016,AMT,0.019012,0.019012
86111,31-08-2016,AMT,-0.020644,-0.020644
86111,30-09-2016,AMT,0.00441,-0.000441
86111,31-10-2016,AMT,0.03406,0.03406
86111,30-11-2016,AMT,-0.127315,-0.127315
86111,30-12-2016,AMT,0.039014,0.033343
86111,31-01-2017,AMT,-0.020628,-0.020628
86111,28-02-2017,AMT,0.109082,0.109082
86111,31-03-2017,AMT,0.058803,0.058803
86111,28-04-2017,AMT,0.041303,0.036202
86111,31-05-2017,AMT,0.041687,0.041687
86111,30-06-2017,AMT,0.013492,0.008613
86111,31-07-2017,AMT,0.030305,0.030305
86111,31-08-2017,AMT,0.085968,0.085968
86111,29-09-2017,AMT,-0.07234,-0.076798
86111,31-10-2017,AMT,0.051141,0.051141
86111,30-11-2017,AMT,0.00181,0.00181
86111,29-12-2017,AMT,-0.003891,-0.008754
86111,31-01-2018,AMT,0.035256,0.035256
86111,28-02-2018,AMT,-0.056669,-0.056669
86111,29-03-2018,AMT,0.043135,0.043135
86111,30-04-2018,AMT,-0.056626,-0.061786
86111,31-05-2018,AMT,0.01474,0.01474
86111,29-06-2018,AMT,0.047481,0.041917
86111,31-07-2018,AMT,0.028231,0.028231
86111,31-08-2018,AMT,0.005936,0.005936
86111,28-09-2018,AMT,-0.020319,-0.025617
86111,31-10-2018,AMT,0.072333,0.072333
86111,30-11-2018,AMT,0.055709,0.055709
86111,31-12-2018,AMT,-0.033194,-0.0383
86111,31-01-2019,AMT,0.09261,0.09261
86111,28-02-2019,AMT,0.019151,0.019151
86111,29-03-2019,AMT,0.118706,0.118706
86111,30-04-2019,AMT,-0.004364,-0.008931
86111,31-05-2019,AMT,0.068971,0.068971
86111,28-06-2019,AMT,-0.016286,-0.020693
86111,31-07-2019,AMT,0.03507,0.03507
86111,30-08-2019,AMT,0.087752,0.087752
86111,30-09-2019,AMT,-0.035232,-0.039359
86111,31-10-2019,AMT,-0.013793,-0.013793
86111,29-11-2019,AMT,-0.018571,-0.018571
86111,31-12-2019,AMT,0.078494,0.073775
86111,31-01-2020,AMT,0.008354,0.008354
86111,28-02-2020,AMT,-0.021317,-0.021317
86111,31-03-2020,AMT,-0.039903,-0.039903
86111,30-04-2020,AMT,0.097956,0.092997
86111,29-05-2020,AMT,0.084748,0.084748
86111,30-06-2020,AMT,0.005694,0.001433
86111,31-07-2020,AMT,0.011023,0.011023
86111,31-08-2020,AMT,-0.046827,-0.046827
86111,30-09-2020,AMT,-0.025206,-0.029781
86111,30-10-2020,AMT,-0.049973,-0.049973
86111,30-11-2020,AMT,0.006749,0.006749
86111,31-12-2020,AMT,-0.023919,-0.029152
86111,29-01-2021,AMT,0.01292,0.01292
86111,26-02-2021,AMT,-0.049393,-0.049393
86111,31-03-2021,AMT,0.106094,0.106094
86111,30-04-2021,AMT,0.070903,0.065716
86111,28-05-2021,AMT,0.002708,0.002708
86111,30-06-2021,AMT,0.062436,0.057465
86111,30-07-2021,AMT,0.046864,0.046864
86111,31-08-2021,AMT,0.033133,0.033133
86111,30-09-2021,AMT,-0.087107,-0.091591
86111,29-10-2021,AMT,0.062394,0.062394
86111,30-11-2021,AMT,-0.069121,-0.069121
86111,31-12-2021,AMT,0.119666,0.114371
86111,31-01-2022,AMT,-0.140171,-0.140171
86111,28-02-2022,AMT,-0.097932,-0.097932
86111,31-03-2022,AMT,0.10733,0.10733
86111,29-04-2022,AMT,-0.035029,-0.040602
86111,31-05-2022,AMT,0.062692,0.062692
86111,30-06-2022,AMT,0.003475,-0.002108
86111,29-07-2022,AMT,0.059627,0.059627
86111,31-08-2022,AMT,-0.061958,-0.061958
86111,30-09-2022,AMT,-0.154891,-0.154891
86111,31-10-2022,AMT,-0.028132,-0.034979
86111,30-11-2022,AMT,0.06786,0.06786
86111,30-12-2022,AMT,-0.03539,-0.042441
86111,31-01-2023,AMT,0.054423,0.054423
86111,28-02-2023,AMT,-0.113613,-0.113613
86111,31-03-2023,AMT,0.031968,0.031968
86111,28-04-2023,AMT,0.007879,0.000245
86111,31-05-2023,AMT,-0.097608,-0.097608
86111,30-06-2023,AMT,0.06002,0.051507
86111,31-07-2023,AMT,-0.018717,-0.018717
86111,31-08-2023,AMT,-0.047239,-0.047239
86111,29-09-2023,AMT,-0.09304,-0.09304
86111,31-10-2023,AMT,0.093402,0.083551
86111,30-11-2023,AMT,0.171671,0.171671
86111,29-12-2023,AMT,0.04215,0.034007
86580,31-01-2014,NVDA,-0.019975,-0.019975
86580,28-02-2014,NVDA,0.176115,0.170701
86580,31-03-2014,NVDA,-0.025571,-0.025571
86580,30-04-2014,NVDA,0.031267,0.031267
86580,30-05-2014,NVDA,0.033297,0.028695
86580,30-06-2014,NVDA,-0.02421,-0.02421
86580,31-07-2014,NVDA,-0.056095,-0.056095
86580,29-08-2014,NVDA,0.116286,0.111429
86580,30-09-2014,NVDA,-0.051414,-0.051414
86580,31-10-2014,NVDA,0.059079,0.059079
86580,28-11-2014,NVDA,0.077533,0.073183
86580,31-12-2014,NVDA,-0.043872,-0.043872
86580,30-01-2015,NVDA,-0.042145,-0.042145
86580,27-02-2015,NVDA,0.153085,0.148659
86580,31-03-2015,NVDA,-0.051451,-0.051451
86580,30-04-2015,NVDA,0.060693,0.060693
86580,29-05-2015,NVDA,0.001464,-0.002929
86580,30-06-2015,NVDA,-0.091279,-0.091279
86580,31-07-2015,NVDA,-0.007956,-0.007956
86580,31-08-2015,NVDA,0.131704,0.126817
86580,30-09-2015,NVDA,0.09653,0.09653
86580,30-10-2015,NVDA,0.150913,0.150913
86580,30-11-2015,NVDA,0.122136,0.118082
86580,31-12-2015,NVDA,0.039092,0.039092
86580,29-01-2016,NVDA,-0.111347,-0.111347
86580,29-02-2016,NVDA,0.074599,0.070673
86580,31-03-2016,NVDA,0.136161,0.136161
86580,29-04-2016,NVDA,-0.002807,-0.002807
86580,31-05-2016,NVDA,0.318182,0.314945
86580,30-06-2016,NVDA,0.006207,0.006207
86580,29-07-2016,NVDA,0.214635,0.214635
86580,31-08-2016,NVDA,0.07627,0.074256
86580,30-09-2016,NVDA,0.117052,0.117052
86580,31-10-2016,NVDA,0.038529,0.038529
86580,30-11-2016,NVDA,0.297639,0.295672
86580,30-12-2016,NVDA,0.157701,0.157701
86580,31-01-2017,NVDA,0.022859,0.022859
86580,28-02-2017,NVDA,-0.069243,-0.070526
86580,31-03-2017,NVDA,0.073413,0.073413
86580,28-04-2017,NVDA,-0.042504,-0.042504
86580,31-05-2017,NVDA,0.385331,0.383988
86580,30-06-2017,NVDA,0.001455,0.001455
86580,31-07-2017,NVDA,0.12417,0.12417
86580,31-08-2017,NVDA,0.043505,0.042644
86580,29-09-2017,NVDA,0.055064,0.055064
86580,31-10-2017,NVDA,0.15685,0.15685
86580,30-11-2017,NVDA,-0.02877,-0.029496
86580,29-12-2017,NVDA,-0.035923,-0.035923
86580,31-01-2018,NVDA,0.270284,0.270284
86580,28-02-2018,NVDA,-0.014849,-0.01546
86580,29-03-2018,NVDA,-0.043017,-0.043017
86580,30-04-2018,NVDA,-0.028887,-0.028887
86580,31-05-2018,NVDA,0.12201,0.121343
86580,29-06-2018,NVDA,-0.060629,-0.060629
86580,31-07-2018,NVDA,0.033601,0.033601
86580,31-08-2018,NVDA,0.1469,0.146288
86580,28-09-2018,NVDA,0.001211,0.001211
86580,31-10-2018,NVDA,-0.249769,-0.249769
86580,30-11-2018,NVDA,-0.224067,-0.224826
86580,31-12-2018,NVDA,-0.183136,-0.183136
86580,31-01-2019,NVDA,0.076779,0.076779
86580,28-02-2019,NVDA,0.074226,0.073113
86580,29-03-2019,NVDA,0.164009,0.164009
86580,30-04-2019,NVDA,0.00802,0.00802
86580,31-05-2019,NVDA,-0.250718,-0.251602
86580,28-06-2019,NVDA,0.212387,0.212387
86580,31-07-2019,NVDA,0.02734,0.02734
86580,30-08-2019,NVDA,-0.006223,-0.007172
86580,30-09-2019,NVDA,0.039162,0.039162
86580,31-10-2019,NVDA,0.154823,0.154823
86580,29-11-2019,NVDA,0.078997,0.078201
86580,31-12-2019,NVDA,0.085633,0.085633
86580,31-01-2020,NVDA,0.004802,0.004802
86580,28-02-2020,NVDA,0.14296,0.142283
86580,31-03-2020,NVDA,-0.023957,-0.023957
86580,30-04-2020,NVDA,0.108801,0.108801
86580,29-05-2020,NVDA,0.214657,0.214657
86580,30-06-2020,NVDA,0.070559,0.070109
86580,31-07-2020,NVDA,0.117607,0.117607
86580,31-08-2020,NVDA,0.259992,0.259992
86580,30-09-2020,NVDA,0.011963,0.011664
86580,30-10-2020,NVDA,-0.073648,-0.073648
86580,30-11-2020,NVDA,0.069212,0.069212
86580,31-12-2020,NVDA,-0.025557,-0.025855
86580,29-01-2021,NVDA,-0.004998,-0.004998
86580,26-02-2021,NVDA,0.055794,0.055794
86580,31-03-2021,NVDA,-0.026414,-0.026705
86580,30-04-2021,NVDA,0.124455,0.124455
86580,28-05-2021,NVDA,0.082281,0.082281
86580,30-06-2021,NVDA,0.231586,0.23134
86580,30-07-2021,NVDA,-0.025172,-0.025172
86580,31-08-2021,NVDA,0.148213,0.148008
86580,30-09-2021,NVDA,-0.074559,-0.074559
86580,29-10-2021,NVDA,0.234167,0.234167
86580,30-11-2021,NVDA,0.278054,0.278054
86580,31-12-2021,NVDA,-0.099798,-0.099921
86580,31-01-2022,NVDA,-0.167454,-0.167454
86580,28-02-2022,NVDA,-0.004125,-0.004125
86580,31-03-2022,NVDA,0.119131,0.118966
86580,29-04-2022,NVDA,-0.320274,-0.320274
86580,31-05-2022,NVDA,0.00674,0.00674
86580,30-06-2022,NVDA,-0.187928,-0.188143
86580,29-07-2022,NVDA,0.198166,0.198166
86580,31-08-2022,NVDA,-0.16897,-0.16897
86580,30-09-2022,NVDA,-0.195508,-0.195773
86580,31-10-2022,NVDA,0.111871,0.111871
86580,30-11-2022,NVDA,0.254131,0.253834
86580,30-12-2022,NVDA,-0.136442,-0.136442
86580,31-01-2023,NVDA,0.336869,0.336869
86580,28-02-2023,NVDA,0.188309,0.188309
86580,31-03-2023,NVDA,0.196632,0.196459
86580,28-04-2023,NVDA,-0.001008,-0.001008
86580,31-05-2023,NVDA,0.363437,0.363437
86580,30-06-2023,NVDA,0.118201,0.118095
86580,31-07-2023,NVDA,0.104652,0.104652
86580,31-08-2023,NVDA,0.056196,0.056196
86580,29-09-2023,NVDA,-0.11857,-0.118651
86580,31-10-2023,NVDA,-0.062507,-0.062507
86580,30-11-2023,NVDA,0.146886,0.146886
86580,29-12-2023,NVDA,0.058927,0.058841
90319,31-01-2014,GOOGL,0.053769,0.053769
90319,28-02-2014,GOOGL,0.029366,0.029366
90319,31-03-2014,GOOGL,-0.083198,-0.083198
90319,30-04-2014,GOOGL,-0.04164,-0.04164
90319,30-05-2014,GOOGL,0.068744,0.068744
90319,30-06-2014,GOOGL,0.022776,0.022776
90319,31-07-2014,GOOGL,-0.008757,-0.008757
90319,29-08-2014,GOOGL,0.004849,0.004849
90319,30-09-2014,GOOGL,0.010389,0.010389
90319,31-10-2014,GOOGL,-0.034908,-0.034908
90319,28-11-2014,GOOGL,-0.033089,-0.033089
90319,31-12-2014,GOOGL,-0.033547,-0.033547
90319,30-01-2015,GOOGL,0.012984,0.012984
90319,27-02-2015,GOOGL,0.046656,0.046656
90319,31-03-2015,GOOGL,-0.014095,-0.014095
90319,30-04-2015,GOOGL,-0.01069,-0.01069
90319,29-05-2015,GOOGL,-0.006287,-0.006287
90319,30-06-2015,GOOGL,-0.009682,-0.009682
90319,31-07-2015,GOOGL,0.217502,0.217502
90319,31-08-2015,GOOGL,-0.014722,-0.014722
90319,30-09-2015,GOOGL,-0.014587,-0.014587
90319,30-10-2015,GOOGL,0.155114,0.155114
90319,30-11-2015,GOOGL,0.034527,0.034527
90319,31-12-2015,GOOGL,0.019873,0.019873
90319,29-01-2016,GOOGL,-0.021414,-0.021414
90319,29-02-2016,GOOGL,-0.057963,-0.057963
90319,31-03-2016,GOOGL,0.06369,0.06369
90319,29-04-2016,GOOGL,-0.07212,-0.07212
90319,31-05-2016,GOOGL,0.057877,0.057877
90319,30-06-2016,GOOGL,-0.060519,-0.060519
90319,29-07-2016,GOOGL,0.124813,0.124813
90319,31-08-2016,GOOGL,-0.001883,-0.001883
90319,30-09-2016,GOOGL,0.017991,0.017991
90319,31-10-2016,GOOGL,0.007263,0.007263
90319,30-11-2016,GOOGL,-0.042005,-0.042005
90319,30-12-2016,GOOGL,0.021356,0.021356
90319,31-01-2017,GOOGL,0.035005,0.035005
90319,28-02-2017,GOOGL,0.030164,0.030164
90319,31-03-2017,GOOGL,0.003397,0.003397
90319,28-04-2017,GOOGL,0.090493,0.090493
90319,31-05-2017,GOOGL,0.067678,0.067678
90319,30-06-2017,GOOGL,-0.058161,-0.058161
90319,31-07-2017,GOOGL,0.017017,0.017017
90319,31-08-2017,GOOGL,0.010301,0.010301
90319,29-09-2017,GOOGL,0.019346,0.019346
90319,31-10-2017,GOOGL,0.060921,0.060921
90319,30-11-2017,GOOGL,0.00303,0.00303
90319,29-12-2017,GOOGL,0.016629,0.016629
90319,31-01-2018,GOOGL,0.12229,0.12229
90319,28-02-2018,GOOGL,-0.066231,-0.066231
90319,29-03-2018,GOOGL,-0.060494,-0.060494
90319,30-04-2018,GOOGL,-0.017895,-0.017895
90319,31-05-2018,GOOGL,0.079935,0.079935
90319,29-06-2018,GOOGL,0.026536,0.026536
90319,31-07-2018,GOOGL,0.086814,0.086814
90319,31-08-2018,GOOGL,0.003732,0.003732
90319,28-09-2018,GOOGL,-0.020068,-0.020068
90319,31-10-2018,GOOGL,-0.096514,-0.096514
90319,30-11-2018,GOOGL,0.017486,0.017486
90319,31-12-2018,GOOGL,-0.058298,-0.058298
90319,31-01-2019,GOOGL,0.077448,0.077448
90319,28-02-2019,GOOGL,0.000586,0.000586
90319,29-03-2019,GOOGL,0.044685,0.044685
90319,30-04-2019,GOOGL,0.018753,0.018753
90319,31-05-2019,GOOGL,-0.077117,-0.077117
90319,28-06-2019,GOOGL,-0.021419,-0.021419
90319,31-07-2019,GOOGL,0.125046,0.125046
90319,30-08-2019,GOOGL,-0.022714,-0.022714
90319,30-09-2019,GOOGL,0.025711,0.025711
90319,31-10-2019,GOOGL,0.03084,0.03084
90319,29-11-2019,GOOGL,0.035979,0.035979
90319,31-12-2019,GOOGL,0.027069,0.027069
90319,31-01-2020,GOOGL,0.069726,0.069726
90319,28-02-2020,GOOGL,-0.065279,-0.065279
90319,31-03-2020,GOOGL,-0.132388,-0.132388
90319,30-04-2020,GOOGL,0.159,0.159
90319,29-05-2020,GOOGL,0.064469,0.064469
90319,30-06-2020,GOOGL,-0.010792,-0.010792
90319,31-07-2020,GOOGL,0.049293,0.049293
90319,31-08-2020,GOOGL,0.095151,0.095151
90319,30-09-2020,GOOGL,-0.1006,-0.1006
90319,30-10-2020,GOOGL,0.102695,0.102695
90319,30-11-2020,GOOGL,0.08557,0.08557
90319,31-12-2020,GOOGL,-0.001003,-0.001003
90319,29-01-2021,GOOGL,0.042633,0.042633
90319,26-02-2021,GOOGL,0.106465,0.106465
90319,31-03-2021,GOOGL,0.020085,0.020085
90319,30-04-2021,GOOGL,0.14108,0.14108
90319,28-05-2021,GOOGL,0.001423,0.001423
90319,30-06-2021,GOOGL,0.03604,0.03604
90319,30-07-2021,GOOGL,0.103506,0.103506
90319,31-08-2021,GOOGL,0.074009,0.074009
90319,30-09-2021,GOOGL,-0.076169,-0.076169
90319,29-10-2021,GOOGL,0.107499,0.107499
90319,30-11-2021,GOOGL,-0.041531,-0.041531
90319,31-12-2021,GOOGL,0.020821,0.020821
90319,31-01-2022,GOOGL,-0.065919,-0.065919
90319,28-02-2022,GOOGL,-0.001822,-0.001822
90319,31-03-2022,GOOGL,0.029695,0.029695
90319,29-04-2022,GOOGL,-0.179467,-0.179467
90319,31-05-2022,GOOGL,-0.003045,-0.003045
90319,30-06-2022,GOOGL,-0.042185,-0.042185
90319,29-07-2022,GOOGL,0.067518,0.067518
90319,31-08-2022,GOOGL,-0.069635,-0.069635
90319,30-09-2022,GOOGL,-0.116152,-0.116152
90319,31-10-2022,GOOGL,-0.011918,-0.011918
90319,30-11-2022,GOOGL,0.068564,0.068564
90319,30-12-2022,GOOGL,-0.126349,-0.126349
90319,31-01-2023,GOOGL,0.120254,0.120254
90319,28-02-2023,GOOGL,-0.08883,-0.08883
90319,31-03-2023,GOOGL,0.151788,0.151788
90319,28-04-2023,GOOGL,0.034802,0.034802
90319,31-05-2023,GOOGL,0.144681,0.144681
90319,30-06-2023,GOOGL,-0.0258,-0.0258
90319,31-07-2023,GOOGL,0.108772,0.108772
90319,31-08-2023,GOOGL,0.025995,0.025995
90319,29-09-2023,GOOGL,-0.038995,-0.038995
90319,31-10-2023,GOOGL,-0.051811,-0.051811
90319,30-11-2023,GOOGL,0.068101,0.068101
90319,29-12-2023,GOOGL,0.054026,0.054026
